PPIN,NAME,STREET,CITY,STATE,ZIP,STFIP,CNTY,NMCNTY,LOCALE,LAT,LON,CBSA,NMCBSA,CBSATYPE,CSA,NMCSA,CD,SLDL,SLDU,SCHOOLYEAR
00919125,ST JOHN CHRYSOSTOM SCHOOL,1144 HOE AVE,BRONX,NY,10459,36,36005,Bronx County,11,40.827310000000004,-73.890761,35620,"New York-Newark-Jersey City, NY-NJ",1,408,"New York-Newark, NY-NJ-CT-PA",3614,36085,36032,2023-2024
00919158,ST RAYMOND ELEMENTARY SCHOOL,2380 E TREMONT AVE,BRONX,NY,10462,36,36005,Bronx County,11,40.842074000000004,-73.854584,35620,"New York-Newark-Jersey City, NY-NJ",1,408,"New York-Newark, NY-NJ-CT-PA",3614,36087,36034,2023-2024
00919249,ST HELENA SCHOOL,2050 BENEDICT AVE,BRONX,NY,10462,36,36005,Bronx County,11,40.834381,-73.855476,35620,"New York-Newark-Jersey City, NY-NJ",1,408,"New York-Newark, NY-NJ-CT-PA",3614,36087,36034,2023-2024
00919373,ST CATHARINE ACADEMY,2250 WILLIAMSBRIDGE RD,BRONX,NY,10469,36,36005,Bronx County,11,40.858967,-73.8566,35620,"New York-Newark-Jersey City, NY-NJ",1,408,"New York-Newark, NY-NJ-CT-PA",3615,36080,36036,2023-2024
00919522,ST PHILIP NERI SCHOOL,3031 GRAND CONCOURSE,BRONX,NY,10468,36,36005,Bronx County,11,40.8739,-73.887461,35620,"New York-Newark-Jersey City, NY-NJ",1,408,"New York-Newark, NY-NJ-CT-PA",3613,36078,36033,2023-2024
00919533,ST RAYMOND HIGH SCHOOL FOR BOYS,2151 SAINT RAYMOND AVE,BRONX,NY,10462,36,36005,Bronx County,11,40.837909,-73.854055,35620,"New York-Newark-Jersey City, NY-NJ",1,408,"New York-Newark, NY-NJ-CT-PA",3614,36087,36034,2023-2024
00919602,VILLA MARIA ACADEMY,3335 COUNTRY CLUB RD,BRONX,NY,10465,36,36005,Bronx County,11,40.841737,-73.816554,35620,"New York-Newark-Jersey City, NY-NJ",1,408,"New York-Newark, NY-NJ-CT-PA",3614,36082,36034,2023-2024
00919872,ST FRANCIS OF ASSISI SCHOOL,4300 BAYCHESTER AVE,BRONX,NY,10466,36,36005,Bronx County,11,40.89717,-73.844919,35620,"New York-Newark-Jersey City, NY-NJ",1,408,"New York-Newark, NY-NJ-CT-PA",3616,36083,36036,2023-2024
00920094,HOLY CROSS ELEMENTARY SCHOOL,1846 RANDALL AVE,BRONX,NY,10473,36,36005,Bronx County,11,40.817586,-73.860653,35620,"New York-Newark-Jersey City, NY-NJ",1,408,"New York-Newark, NY-NJ-CT-PA",3614,36085,36034,2023-2024
00920855,ACADEMY OF MOUNT ST URSULA,330 BEDFORD PARK BLVD,BRONX,NY,10458,36,36005,Bronx County,11,40.869292,-73.88566800000001,35620,"New York-Newark-Jersey City, NY-NJ",1,408,"New York-Newark, NY-NJ-CT-PA",3613,36078,36033,2023-2024
00921382,ST FRANCES DE CHANTAL SCHOOL,2962 HARDING AVE,BRONX,NY,10465,36,36005,Bronx County,11,40.816292000000004,-73.812593,35620,"New York-Newark-Jersey City, NY-NJ",1,408,"New York-Newark, NY-NJ-CT-PA",3614,36082,36034,2023-2024
00921393,ST CLARES SCHOOL,1911 HONE AVE,BRONX,NY,10461,36,36005,Bronx County,11,40.851089,-73.856787,35620,"New York-Newark-Jersey City, NY-NJ",1,408,"New York-Newark, NY-NJ-CT-PA",3615,36080,36033,2023-2024
00921429,CHRIST THE KING SCHOOL,1345 GRAND CONCOURSE,BRONX,NY,10452,36,36005,Bronx County,11,40.837517,-73.91534300000001,35620,"New York-Newark-Jersey City, NY-NJ",1,408,"New York-Newark, NY-NJ-CT-PA",3615,36084,36032,2023-2024
00921542,SACRED HEART SCHOOL,1248 NELSON AVE,BRONX,NY,10452,36,36005,Bronx County,11,40.838806,-73.924372,35620,"New York-Newark-Jersey City, NY-NJ",1,408,"New York-Newark, NY-NJ-CT-PA",3615,36077,36029,2023-2024
00921553,PRESTON HIGH SCHOOL,2780 SCHURZ AVE,BRONX,NY,10465,36,36005,Bronx County,11,40.813812,-73.819834,35620,"New York-Newark-Jersey City, NY-NJ",1,408,"New York-Newark, NY-NJ-CT-PA",3614,36082,36034,2023-2024
00921575,OUR LADY OF MT CARMEL SCHOOL,2465 BATHGATE AVE,BRONX,NY,10458,36,36005,Bronx County,11,40.85855,-73.888581,35620,"New York-Newark-Jersey City, NY-NJ",1,408,"New York-Newark, NY-NJ-CT-PA",3615,36078,36033,2023-2024
00921597,OUR LADY OF GRACE SCHOOL,3981 BRONXWOOD AVE,BRONX,NY,10466,36,36005,Bronx County,11,40.88621,-73.854861,35620,"New York-Newark-Jersey City, NY-NJ",1,408,"New York-Newark, NY-NJ-CT-PA",3616,36083,36036,2023-2024
00921633,CARDINAL SPELLMAN HIGH SCHOOL,1 CARDINAL SPELLMAN PL,BRONX,NY,10466,36,36005,Bronx County,11,40.8828,-73.84043100000001,35620,"New York-Newark-Jersey City, NY-NJ",1,408,"New York-Newark, NY-NJ-CT-PA",3616,36083,36036,2023-2024
00922138,ST THERESA SCHOOL,2872 SAINT THERESA AVE,BRONX,NY,10461,36,36005,Bronx County,11,40.849328,-73.833372,35620,"New York-Newark-Jersey City, NY-NJ",1,408,"New York-Newark, NY-NJ-CT-PA",3614,36082,36034,2023-2024
00922171,ST BARNABAS HIGH SCHOOL,425 E 240TH ST,BRONX,NY,10470,36,36005,Bronx County,11,40.90167,-73.864343,35620,"New York-Newark-Jersey City, NY-NJ",1,408,"New York-Newark, NY-NJ-CT-PA",3615,36081,36036,2023-2024
00922251,ALL HALLOWS HIGH SCHOOL,111 E 164TH ST,BRONX,NY,10452,36,36005,Bronx County,11,40.830339,-73.922027,35620,"New York-Newark-Jersey City, NY-NJ",1,408,"New York-Newark, NY-NJ-CT-PA",3615,36084,36029,2023-2024
00922273,CARDINAL HAYES HIGH SCHOOL,650 GRAND CONCOURSE,BRONX,NY,10451,36,36005,Bronx County,11,40.820571,-73.925304,35620,"New York-Newark-Jersey City, NY-NJ",1,408,"New York-Newark, NY-NJ-CT-PA",3615,36084,36029,2023-2024
00922659,MSGR SCANLAN HIGH SCHOOL,915 HUTCHINSON RIVER PKWY 1,BRONX,NY,10465,36,36005,Bronx County,11,40.825164,-73.83779200000001,35620,"New York-Newark-Jersey City, NY-NJ",1,408,"New York-Newark, NY-NJ-CT-PA",3614,36082,36034,2023-2024
00922692,ST RAYMOND ACADEMY FOR GIRLS,1725 CASTLE HILL AVE,BRONX,NY,10462,36,36005,Bronx County,11,40.841078,-73.853406,35620,"New York-Newark-Jersey City, NY-NJ",1,408,"New York-Newark, NY-NJ-CT-PA",3614,36087,36034,2023-2024
00923164,ST BENEDICT SCHOOL,1016 EDISON AVE,BRONX,NY,10465,36,36005,Bronx County,11,40.832413,-73.825435,35620,"New York-Newark-Jersey City, NY-NJ",1,408,"New York-Newark, NY-NJ-CT-PA",3614,36082,36034,2023-2024
00935919,KINNERET DAY SCHOOL,2600 NETHERLAND AVE,BRONX,NY,10463,36,36005,Bronx County,11,40.879405,-73.91435,35620,"New York-Newark-Jersey City, NY-NJ",1,408,"New York-Newark, NY-NJ-CT-PA",3615,36081,36033,2023-2024
00938512,OUR SAVIOUR LUTHERAN SCHOOL,1744 WILLAIMSBRIDGE RD,BRONX,NY,10461,36,36005,Bronx County,11,40.850162000000005,-73.850778,35620,"New York-Newark-Jersey City, NY-NJ",1,408,"New York-Newark, NY-NJ-CT-PA",3614,36082,36034,2023-2024
00939276,GREEK AMERICAN INSTITUTE OF NEW YORK,3573 BRUCKNER BLVD,BRONX,NY,10461,36,36005,Bronx County,11,40.849912,-73.828204,35620,"New York-Newark-Jersey City, NY-NJ",1,408,"New York-Newark, NY-NJ-CT-PA",3614,36082,36034,2023-2024
00940918,NEW YORK INSTITUTE FOR SPECIAL EDUCATION,999 PELHAM PKWY N,BRONX,NY,10469,36,36005,Bronx County,11,40.858469,-73.85885400000001,35620,"New York-Newark-Jersey City, NY-NJ",1,408,"New York-Newark, NY-NJ-CT-PA",3615,36080,36033,2023-2024
00943726,BRONX MANHATTAN SDA SCHOOL,1440 PLIMPTON AVE,BRONX,NY,10452,36,36005,Bronx County,11,40.84385,-73.92200100000001,35620,"New York-Newark-Jersey City, NY-NJ",1,408,"New York-Newark, NY-NJ-CT-PA",3615,36077,36029,2023-2024
A0108089,YESHIVA OHAVEI TORAH OF RIVERDALE,450 W 250TH ST,BRONX,NY,10471,36,36005,Bronx County,11,40.89734,-73.907291,35620,"New York-Newark-Jersey City, NY-NJ",1,408,"New York-Newark, NY-NJ-CT-PA",3615,36081,36033,2023-2024
A0502542,SAR HIGH SCHOOL,503 W 259TH ST,BRONX,NY,10471,36,36005,Bronx County,11,40.907362,-73.90461,35620,"New York-Newark-Jersey City, NY-NJ",1,408,"New York-Newark, NY-NJ-CT-PA",3615,36081,36033,2023-2024
A0701725,WAKE-EDEN CHRISTIAN ACADEMY,2074 STRANG AVE,BRONX,NY,10466,36,36005,Bronx County,11,40.890614,-73.83971700000001,35620,"New York-Newark-Jersey City, NY-NJ",1,408,"New York-Newark, NY-NJ-CT-PA",3616,36083,36036,2023-2024
A0971586,LEARNING TREE CULTURAL CENTER INC,3920 PAULDING AVE,BRONX,NY,10466,36,36005,Bronx County,11,40.883387,-73.85265,35620,"New York-Newark-Jersey City, NY-NJ",1,408,"New York-Newark, NY-NJ-CT-PA",3616,36083,36036,2023-2024
A1101649,CITY OF FAITH CHRISTIAN SCHOOL,3445 WHITE PLAINS RD # 3453,BRONX,NY,10467,36,36005,Bronx County,11,40.876692,-73.867322,35620,"New York-Newark-Jersey City, NY-NJ",1,408,"New York-Newark, NY-NJ-CT-PA",3615,36080,36036,2023-2024
A1101659,FAITH CHRISTIAN ACADEMY,1137 E 223RD ST,BRONX,NY,10466,36,36005,Bronx County,11,40.88257,-73.848921,35620,"New York-Newark-Jersey City, NY-NJ",1,408,"New York-Newark, NY-NJ-CT-PA",3616,36083,36036,2023-2024
A1101662,GARVEY SCHOOL,950 BAYCHESTER AVE,BRONX,NY,10475,36,36005,Bronx County,11,40.877892,-73.832971,35620,"New York-Newark-Jersey City, NY-NJ",1,408,"New York-Newark, NY-NJ-CT-PA",3614,36082,36036,2023-2024
A1502516,HOPE ACADEMY OF THE BRONX,2206 ANDREWS AVE,BRONX,NY,10453,36,36005,Bronx County,11,40.8588,-73.90937100000001,35620,"New York-Newark-Jersey City, NY-NJ",1,408,"New York-Newark, NY-NJ-CT-PA",3613,36086,36031,2023-2024
A1702599,HORACE MANN SCHOOL,231 W 246TH ST,BRONX,NY,10471,36,36005,Bronx County,11,40.893273,-73.89941400000001,35620,"New York-Newark-Jersey City, NY-NJ",1,408,"New York-Newark, NY-NJ-CT-PA",3615,36081,36033,2023-2024
A1702654,SALANTER AKIBA RIVERDALE ACADEMY,655 W 254TH ST,BRONX,NY,10471,36,36005,Bronx County,11,40.90381,-73.911071,35620,"New York-Newark-Jersey City, NY-NJ",1,408,"New York-Newark, NY-NJ-CT-PA",3615,36081,36033,2023-2024
A1702667,ST ANSELM PAROCHIAL SCHOOL,685 TINTON AVE,BRONX,NY,10455,36,36005,Bronx County,11,40.816369,-73.905432,35620,"New York-Newark-Jersey City, NY-NJ",1,408,"New York-Newark, NY-NJ-CT-PA",3615,36084,36029,2023-2024
A1903126,ST MARGARET OF CORTONA SCHOOL,452 W 260TH ST,BRONX,NY,10471,36,36005,Bronx County,11,40.908210000000004,-73.903011,35620,"New York-Newark-Jersey City, NY-NJ",1,408,"New York-Newark, NY-NJ-CT-PA",3615,36081,36033,2023-2024
A2102654,LAVELLE SCHOOL FOR THE BLIND,3830 PAULDING AVE,BRONX,NY,10469,36,36005,Bronx County,11,40.881879000000005,-73.853582,35620,"New York-Newark-Jersey City, NY-NJ",1,408,"New York-Newark, NY-NJ-CT-PA",3615,36083,36036,2023-2024
A2102731,SCO FAMILY SERVICES - THE CHRISTOPHER SCHOOL,1870 SCHIEFFELIN AVE,BRONX,NY,10466,36,36005,Bronx County,11,40.882536,-73.843205,35620,"New York-Newark-Jersey City, NY-NJ",1,408,"New York-Newark, NY-NJ-CT-PA",3616,36083,36036,2023-2024
A9104949,NEW COVENANT CHRISTIAN SCHOOL,1497 NEEDHAM AVE,BRONX,NY,10469,36,36005,Bronx County,11,40.880331,-73.848453,35620,"New York-Newark-Jersey City, NY-NJ",1,408,"New York-Newark, NY-NJ-CT-PA",3615,36083,36036,2023-2024
A9702478,ST IGNATIUS SCHOOL,740 MANIDA ST,BRONX,NY,10474,36,36005,Bronx County,11,40.81535,-73.888301,35620,"New York-Newark-Jersey City, NY-NJ",1,408,"New York-Newark, NY-NJ-CT-PA",3614,36084,36029,2023-2024
A9903238,OUR LADY OF REFUGE SCHOOL,2708 BRIGGS AVE,BRONX,NY,10458,36,36005,Bronx County,11,40.866592000000004,-73.891243,35620,"New York-Newark-Jersey City, NY-NJ",1,408,"New York-Newark, NY-NJ-CT-PA",3613,36078,36033,2023-2024
AB912034,FORDHAM PREPARATORY SCHOOL,441 E FORDHAM RD,BRONX,NY,10458,36,36005,Bronx County,11,40.864296,-73.88591000000001,35620,"New York-Newark-Jersey City, NY-NJ",1,408,"New York-Newark, NY-NJ-CT-PA",3615,36078,36033,2023-2024
BB220490,SCO FAMILY SERVICES - THE CHRISTOPHER SCHOOL,1870 SCHIEFFELIN PL,BRONX,NY,10466,36,36005,Bronx County,11,40.882536,-73.843205,35620,"New York-Newark-Jersey City, NY-NJ",1,408,"New York-Newark, NY-NJ-CT-PA",3616,36083,36036,2023-2024
BB240158,ST THERESA SCHOOL,2872 SAINT THERESA AVE,BRONX,NY,10461,36,36005,Bronx County,11,40.849389,-73.83339000000001,35620,"New York-Newark-Jersey City, NY-NJ",1,408,"New York-Newark, NY-NJ-CT-PA",3614,36082,36034,2023-2024
BB240160,THE LEARNING TREE CULTURAL PREPARATORY SCHOOL,3920 PAULDING AVE,BRONX,NY,10466,36,36005,Bronx County,11,40.883387,-73.85265,35620,"New York-Newark-Jersey City, NY-NJ",1,408,"New York-Newark, NY-NJ-CT-PA",3616,36083,36036,2023-2024
X0921451,MOUNT ST MICHAEL ACADEMY,4300 MURDOCK AVE,BRONX,NY,10466,36,36005,Bronx County,11,40.89871,-73.842298,35620,"New York-Newark-Jersey City, NY-NJ",1,408,"New York-Newark, NY-NJ-CT-PA",3616,36083,36036,2023-2024
00924215,ST BRIDGES-ST FRANCES CABRINI,438 GROVE ST,BROOKLYN,NY,11237,36,36047,Kings County,11,40.70169,-73.912251,35620,"New York-Newark-Jersey City, NY-NJ",1,408,"New York-Newark, NY-NJ-CT-PA",3607,36053,36018,2023-2024
00924248,ST FRANCIS OF ASSISI CATHOLIC ACADEMY,400 LINCOLN RD,BROOKLYN,NY,11225,36,36047,Kings County,11,40.661481,-73.9491,35620,"New York-Newark-Jersey City, NY-NJ",1,408,"New York-Newark, NY-NJ-CT-PA",3609,36043,36020,2023-2024
00924394,ST JOSEPH THE WORKER CATHOLIC ACADEMY,241 PROSPECT PARK W,BROOKLYN,NY,11215,36,36047,Kings County,11,40.659600000000005,-73.980811,35620,"New York-Newark-Jersey City, NY-NJ",1,408,"New York-Newark, NY-NJ-CT-PA",3610,36044,36020,2023-2024
00924532,MIDWOOD CATHOLIC ACADEMY,1501 HENDRICKSON ST,BROOKLYN,NY,11234,36,36047,Kings County,11,40.620363000000005,-73.935407,35620,"New York-Newark-Jersey City, NY-NJ",1,408,"New York-Newark, NY-NJ-CT-PA",3609,36041,36021,2023-2024
00924634,ST BRIGID SCHOOL,438 GROVE ST,BROOKLYN,NY,11237,36,36047,Kings County,11,40.70169,-73.912251,35620,"New York-Newark-Jersey City, NY-NJ",1,408,"New York-Newark, NY-NJ-CT-PA",3607,36053,36018,2023-2024
00924656,ST BERNARD CATHOLIC ACADEMY,2030 E 69TH ST,BROOKLYN,NY,11234,36,36047,Kings County,11,40.6197,-73.910171,35620,"New York-Newark-Jersey City, NY-NJ",1,408,"New York-Newark, NY-NJ-CT-PA",3608,36059,36021,2023-2024
00924703,BAY RIDGE CATHOLIC ACADEMY,365 83RD ST,BROOKLYN,NY,11209,36,36047,Kings County,11,40.625367000000004,-74.027683,35620,"New York-Newark-Jersey City, NY-NJ",1,408,"New York-Newark, NY-NJ-CT-PA",3611,36046,36026,2023-2024
00924816,OUR LADY OF PERPETUAL HELP CATHOLIC ACADEMY OF BRO,5902 6TH AVE,BROOKLYN,NY,11220,36,36047,Kings County,11,40.638995,-74.014385,35620,"New York-Newark-Jersey City, NY-NJ",1,408,"New York-Newark, NY-NJ-CT-PA",3610,36051,36017,2023-2024
00925933,XAVERIAN HIGH SCHOOL,7100 SHORE RD,BROOKLYN,NY,11209,36,36047,Kings County,11,40.636708,-74.03555200000001,35620,"New York-Newark-Jersey City, NY-NJ",1,408,"New York-Newark, NY-NJ-CT-PA",3611,36064,36026,2023-2024
00925944,VISITATION ACADEMY,8902 RIDGE BLVD,BROOKLYN,NY,11209,36,36047,Kings County,11,40.621211,-74.03603700000001,35620,"New York-Newark-Jersey City, NY-NJ",1,408,"New York-Newark, NY-NJ-CT-PA",3611,36046,36026,2023-2024
00926063,ST SAVIOUR HIGH SCHOOL,588 6TH ST,BROOKLYN,NY,11215,36,36047,Kings County,11,40.66714,-73.977051,35620,"New York-Newark-Jersey City, NY-NJ",1,408,"New York-Newark, NY-NJ-CT-PA",3610,36044,36020,2023-2024
00926074,ST SAVIOUR CATHOLIC ACADEMY,701 8TH AVE,BROOKLYN,NY,11215,36,36047,Kings County,11,40.666671,-73.978081,35620,"New York-Newark-Jersey City, NY-NJ",1,408,"New York-Newark, NY-NJ-CT-PA",3610,36044,36020,2023-2024
00926132,ST PATRICK CATHOLIC ACADEMY,401 97TH ST,BROOKLYN,NY,11209,36,36047,Kings County,11,40.614744,-74.031204,35620,"New York-Newark-Jersey City, NY-NJ",1,408,"New York-Newark, NY-NJ-CT-PA",3611,36046,36026,2023-2024
00926201,ST MARK CATHOLIC ACADEMY,2602 E 19TH ST,BROOKLYN,NY,11235,36,36047,Kings County,11,40.588058000000004,-73.950733,35620,"New York-Newark-Jersey City, NY-NJ",1,408,"New York-Newark, NY-NJ-CT-PA",3608,36045,36023,2023-2024
00926369,GOOD SHEPHERD CATHOLIC ACADEMY,1943 BROWN ST,BROOKLYN,NY,11229,36,36047,Kings County,11,40.604444,-73.940405,35620,"New York-Newark-Jersey City, NY-NJ",1,408,"New York-Newark, NY-NJ-CT-PA",3608,36041,36022,2023-2024
00926416,FONTBONNE HALL ACADEMY,9901 SHORE RD,BROOKLYN,NY,11209,36,36047,Kings County,11,40.61376,-74.036568,35620,"New York-Newark-Jersey City, NY-NJ",1,408,"New York-Newark, NY-NJ-CT-PA",3611,36046,36026,2023-2024
00926438,BISHOP LOUGHLIN MEMORIAL HIGH SCHOOL,357 CLERMONT AVE,BROOKLYN,NY,11238,36,36047,Kings County,11,40.686843,-73.969002,35620,"New York-Newark-Jersey City, NY-NJ",1,408,"New York-Newark, NY-NJ-CT-PA",3607,36057,36025,2023-2024
00935205,BROOKLYN FRIENDS SCHOOL,375 PEARL ST,BROOKLYN,NY,11201,36,36047,Kings County,11,40.69279,-73.98790100000001,35620,"New York-Newark-Jersey City, NY-NJ",1,408,"New York-Newark, NY-NJ-CT-PA",3610,36052,36026,2023-2024
00935533,YESHIVA MESIVTA ARUGATH HABOSEM,40 LYNCH ST,BROOKLYN,NY,11206,36,36047,Kings County,11,40.700386,-73.955764,35620,"New York-Newark-Jersey City, NY-NJ",1,408,"New York-Newark, NY-NJ-CT-PA",3607,36050,36018,2023-2024
00935872,YESHIVA OF BELLE HARBOR/YESHIVAL BITAHON,1649 E 13TH ST,BROOKLYN,NY,11229,36,36047,Kings County,11,40.609,-73.959998,35620,"New York-Newark-Jersey City, NY-NJ",1,408,"New York-Newark, NY-NJ-CT-PA",3609,36045,36022,2023-2024
00936162,AHI EZER YESHIVA SCHOOL,2433 OCEAN PKWY,BROOKLYN,NY,11235,36,36047,Kings County,11,40.59026,-73.964671,35620,"New York-Newark-Jersey City, NY-NJ",1,408,"New York-Newark, NY-NJ-CT-PA",3608,36045,36023,2023-2024
00937803,POLY PREP COUNTRY DAY SCHOOL,9216 7TH AVE,BROOKLYN,NY,11228,36,36047,Kings County,11,40.612361,-74.02501600000001,35620,"New York-Newark-Jersey City, NY-NJ",1,408,"New York-Newark, NY-NJ-CT-PA",3611,36046,36026,2023-2024
00938079,SHULAMITH SCHOOL FOR GIRLS OF BROOKLYN,60 W END AVE,BROOKLYN,NY,11235,36,36047,Kings County,11,40.580594000000005,-73.953941,35620,"New York-Newark-Jersey City, NY-NJ",1,408,"New York-Newark, NY-NJ-CT-PA",3608,36045,36023,2023-2024
00938159,YESHIVAH OF FLATBUSH,919 E 10TH ST,BROOKLYN,NY,11230,36,36047,Kings County,11,40.62672,-73.966401,35620,"New York-Newark-Jersey City, NY-NJ",1,408,"New York-Newark, NY-NJ-CT-PA",3609,36048,36022,2023-2024
00938181,YESHIVAH OF CROWN HEIGHTS,6363 AVE U,BROOKLYN,NY,11234,36,36047,Kings County,11,40.616378000000005,-73.913103,35620,"New York-Newark-Jersey City, NY-NJ",1,408,"New York-Newark, NY-NJ-CT-PA",3608,36059,36021,2023-2024
00938206,BNOS ESTHER MALKA,1784 E 17TH ST,BROOKLYN,NY,11229,36,36047,Kings County,11,40.606317000000004,-73.956087,35620,"New York-Newark-Jersey City, NY-NJ",1,408,"New York-Newark, NY-NJ-CT-PA",3609,36045,36022,2023-2024
00938691,YESHIVA KARLIN STOLIN,1818 54TH ST,BROOKLYN,NY,11204,36,36047,Kings County,11,40.624891,-73.983334,35620,"New York-Newark-Jersey City, NY-NJ",1,408,"New York-Newark, NY-NJ-CT-PA",3609,36048,36022,2023-2024
00938749,BETH JACOB DAY SCHOOL,85 PARKVILLE AVE,BROOKLYN,NY,11230,36,36047,Kings County,11,40.629425000000005,-73.97479200000001,35620,"New York-Newark-Jersey City, NY-NJ",1,408,"New York-Newark, NY-NJ-CT-PA",3609,36048,36022,2023-2024
00942267,WINDMILL MONTESSORI SCHOOL,1317 AVE T,BROOKLYN,NY,11229,36,36047,Kings County,11,40.601164000000004,-73.958048,35620,"New York-Newark-Jersey City, NY-NJ",1,408,"New York-Newark, NY-NJ-CT-PA",3609,36045,36022,2023-2024
00942879,LUTHERAN ELEMENTARY SCHOOL OF BAY RIDGE,440 OVINGTON AVE,BROOKLYN,NY,11209,36,36047,Kings County,11,40.632956,-74.022824,35620,"New York-Newark-Jersey City, NY-NJ",1,408,"New York-Newark, NY-NJ-CT-PA",3611,36064,36026,2023-2024
00943566,EBENEZER PREPARATORY SCHOOL,5464 KINGS HWY,BROOKLYN,NY,11203,36,36047,Kings County,11,40.641883,-73.925864,35620,"New York-Newark-Jersey City, NY-NJ",1,408,"New York-Newark, NY-NJ-CT-PA",3609,36041,36021,2023-2024
00943613,FLATBUSH SDA SCHOOL,5810 SNYDER AVE,BROOKLYN,NY,11203,36,36047,Kings County,11,40.650397,-73.922049,35620,"New York-Newark-Jersey City, NY-NJ",1,408,"New York-Newark, NY-NJ-CT-PA",3609,36058,36021,2023-2024
00943737,BROOKLYN SEVENTH-DAY ADVENTIST SCHOOL,1260 OCEAN AVE,BROOKLYN,NY,11230,36,36047,Kings County,11,40.63145,-73.957901,35620,"New York-Newark-Jersey City, NY-NJ",1,408,"New York-Newark, NY-NJ-CT-PA",3609,36042,36021,2023-2024
01607578,ST EDMUND ELEMENTARY SCHOOL,1902 AVE T,BROOKLYN,NY,11229,36,36047,Kings County,11,40.601291,-73.95270000000001,35620,"New York-Newark-Jersey City, NY-NJ",1,408,"New York-Newark, NY-NJ-CT-PA",3608,36041,36022,2023-2024
01904184,BAIS ROCHEL SCHOOL,5301 14TH AVE,BROOKLYN,NY,11219,36,36047,Kings County,11,40.631085,-73.992334,35620,"New York-Newark-Jersey City, NY-NJ",1,408,"New York-Newark, NY-NJ-CT-PA",3609,36048,36022,2023-2024
02046054,JOEL BRAVERMAN HIGH,1609 AVE J,BROOKLYN,NY,11230,36,36047,Kings County,11,40.625591,-73.960026,35620,"New York-Newark-Jersey City, NY-NJ",1,408,"New York-Newark, NY-NJ-CT-PA",3609,36048,36022,2023-2024
02046087,BNOS ZION OF BOBOV,5000 14TH AVE,BROOKLYN,NY,11219,36,36047,Kings County,11,40.63304,-73.99081100000001,35620,"New York-Newark-Jersey City, NY-NJ",1,408,"New York-Newark, NY-NJ-CT-PA",3610,36048,36022,2023-2024
02046178,ST MARK'S DAY SCHOOL,1346 PRESIDENT ST,BROOKLYN,NY,11213,36,36047,Kings County,11,40.66746,-73.944851,35620,"New York-Newark-Jersey City, NY-NJ",1,408,"New York-Newark, NY-NJ-CT-PA",3609,36043,36020,2023-2024
02046484,YESHIVA DERECH HATORAH,2810 NOSTRAND AVE,BROOKLYN,NY,11229,36,36047,Kings County,11,40.61495,-73.945088,35620,"New York-Newark-Jersey City, NY-NJ",1,408,"New York-Newark, NY-NJ-CT-PA",3609,36041,36022,2023-2024
A0107429,BAIS ESTHER SCHOOL,1353 50TH ST,BROOKLYN,NY,11219,36,36047,Kings County,11,40.63375,-73.99126100000001,35620,"New York-Newark-Jersey City, NY-NJ",1,408,"New York-Newark, NY-NJ-CT-PA",3610,36048,36022,2023-2024
A0107454,BROOKLYN AMITY SCHOOL,3867 SHORE PKWY,BROOKLYN,NY,11235,36,36047,Kings County,11,40.587051,-73.93187,35620,"New York-Newark-Jersey City, NY-NJ",1,408,"New York-Newark, NY-NJ-CT-PA",3608,36041,36022,2023-2024
A0107513,CLARA MUHAMMAD SCHOOL OF MASJID KHALIFAH,1174 BEDFORD AVE,BROOKLYN,NY,11216,36,36047,Kings County,11,40.683924000000005,-73.954305,35620,"New York-Newark-Jersey City, NY-NJ",1,408,"New York-Newark, NY-NJ-CT-PA",3608,36057,36025,2023-2024
A0107582,HANNAH SENESH COMMUNITY DAY SCHOOL,342 SMITH ST,BROOKLYN,NY,11231,36,36047,Kings County,11,40.67955,-73.99547100000001,35620,"New York-Newark-Jersey City, NY-NJ",1,408,"New York-Newark, NY-NJ-CT-PA",3610,36052,36026,2023-2024
A0107874,SHEMA KOLAINU-HEAR OUR VOICES,4302 NEW UTRECHT AVE,BROOKLYN,NY,11219,36,36047,Kings County,11,40.641809,-73.994587,35620,"New York-Newark-Jersey City, NY-NJ",1,408,"New York-Newark, NY-NJ-CT-PA",3610,36051,36022,2023-2024
A0107913,THE STERLING SCHOOL,134 ATLANTIC AVE,BROOKLYN,NY,11201,36,36047,Kings County,11,40.690378,-73.995425,35620,"New York-Newark-Jersey City, NY-NJ",1,408,"New York-Newark, NY-NJ-CT-PA",3610,36052,36026,2023-2024
A0302183,AL-MADINAH SCHOOL,383 3RD AVE,BROOKLYN,NY,11215,36,36047,Kings County,11,40.674233,-73.988527,35620,"New York-Newark-Jersey City, NY-NJ",1,408,"New York-Newark, NY-NJ-CT-PA",3610,36052,36026,2023-2024
A0302188,BNOT RACHEL HIGH SCHOOL,1950 E 7TH ST,BROOKLYN,NY,11223,36,36047,Kings County,11,40.60306,-73.965211,35620,"New York-Newark-Jersey City, NY-NJ",1,408,"New York-Newark, NY-NJ-CT-PA",3609,36045,36022,2023-2024
A0302194,BARKAI FOUNDATION INC.,5302 21ST AVE,BROOKLYN,NY,11204,36,36047,Kings County,11,40.622011,-73.976977,35620,"New York-Newark-Jersey City, NY-NJ",1,408,"New York-Newark, NY-NJ-CT-PA",3609,36048,36022,2023-2024
A0302206,YESHIVA BONIM LAMOKOM,425 E 9TH ST,BROOKLYN,NY,11218,36,36047,Kings County,11,40.638223,-73.969399,35620,"New York-Newark-Jersey City, NY-NJ",1,408,"New York-Newark, NY-NJ-CT-PA",3609,36044,36021,2023-2024
A0302235,IVDU SCHOOL,1244 E 7TH ST,BROOKLYN,NY,11230,36,36047,Kings County,11,40.620589,-73.968656,35620,"New York-Newark-Jersey City, NY-NJ",1,408,"New York-Newark, NY-NJ-CT-PA",3609,36048,36022,2023-2024
A0502423,BNOS MARGULIA VIZNITZ,971 41ST ST,BROOKLYN,NY,11219,36,36047,Kings County,11,40.644079000000005,-73.99444700000001,35620,"New York-Newark-Jersey City, NY-NJ",1,408,"New York-Newark, NY-NJ-CT-PA",3610,36051,36017,2023-2024
A0502451,DARCHAI MENACHEM INC,432 RUTLAND RD,BROOKLYN,NY,11203,36,36047,Kings County,11,40.659506,-73.94624400000001,35620,"New York-Newark-Jersey City, NY-NJ",1,408,"New York-Newark, NY-NJ-CT-PA",3609,36043,36020,2023-2024
A0509133,NESIVOS BAIS YAAKOV,1228 36TH ST,BROOKLYN,NY,11218,36,36047,Kings County,11,40.643026,-73.986251,35620,"New York-Newark-Jersey City, NY-NJ",1,408,"New York-Newark, NY-NJ-CT-PA",3610,36044,36022,2023-2024
A0701652,YESHIVANT MEKOR HAIM,2611 AVE Z,BROOKLYN,NY,11223,36,36047,Kings County,11,40.589433,-73.943192,35620,"New York-Newark-Jersey City, NY-NJ",1,408,"New York-Newark, NY-NJ-CT-PA",3608,36041,36022,2023-2024
A0701709,BROOKLYN WALDORF SCHOOL,11 JEFFERSON AVE,BROOKLYN,NY,11238,36,36047,Kings County,11,40.682674,-73.957251,35620,"New York-Newark-Jersey City, NY-NJ",1,408,"New York-Newark, NY-NJ-CT-PA",3608,36057,36025,2023-2024
A0701738,YESHIVA YESODE HATORAH,620 BEDFORD AVE,BROOKLYN,NY,11249,36,36047,Kings County,11,40.70259,-73.95965100000001,35620,"New York-Newark-Jersey City, NY-NJ",1,408,"New York-Newark, NY-NJ-CT-PA",3607,36050,36018,2023-2024
A0902322,LEFFERTS GARDEN MONTESSORI,527 ROGERS AVE,BROOKLYN,NY,11225,36,36047,Kings County,11,40.659089,-73.953128,35620,"New York-Newark-Jersey City, NY-NJ",1,408,"New York-Newark, NY-NJ-CT-PA",3609,36043,36020,2023-2024
A0902326,LURIA ACADEMY OF BROOKLYN,235 SAINT MARKS AVE,BROOKLYN,NY,11238,36,36047,Kings County,11,40.678605000000005,-73.96769,35620,"New York-Newark-Jersey City, NY-NJ",1,408,"New York-Newark, NY-NJ-CT-PA",3610,36044,36025,2023-2024
A0902349,MT PLEASANT CHRISTIAN ACADEMY,344 TOMPKINS AVE,BROOKLYN,NY,11216,36,36047,Kings County,11,40.685871,-73.944657,35620,"New York-Newark-Jersey City, NY-NJ",1,408,"New York-Newark, NY-NJ-CT-PA",3608,36056,36025,2023-2024
A0902361,REACH FOR THE STARS LEARNING CENTER,1818 AVE P,BROOKLYN,NY,11229,36,36047,Kings County,11,40.61057,-73.955,35620,"New York-Newark-Jersey City, NY-NJ",1,408,"New York-Newark, NY-NJ-CT-PA",3609,36041,36022,2023-2024
A0902373,SHAARE TORAH GIRLS HIGH SCHOOL/YESHIVA SHAAREI TOR,1768 OCEAN AVE,BROOKLYN,NY,11230,36,36047,Kings County,11,40.619014,-73.95546,35620,"New York-Newark-Jersey City, NY-NJ",1,408,"New York-Newark, NY-NJ-CT-PA",3609,36041,36022,2023-2024
A0902392,TALMUD TORAH DRABINU YOEL,5411 FORT HAMILTON PKWY,BROOKLYN,NY,11219,36,36047,Kings County,11,40.63563,-74.001141,35620,"New York-Newark-Jersey City, NY-NJ",1,408,"New York-Newark, NY-NJ-CT-PA",3610,36048,36022,2023-2024
A1101637,BNOS YAAKOV,2710 AVE X,BROOKLYN,NY,11235,36,36047,Kings County,11,40.593375,-73.943307,35620,"New York-Newark-Jersey City, NY-NJ",1,408,"New York-Newark, NY-NJ-CT-PA",3608,36041,36022,2023-2024
A1101642,CARRIG MONTESSORI SCHOOL,100 MASPETH AVE,BROOKLYN,NY,11211,36,36047,Kings County,11,40.715796000000005,-73.939083,35620,"New York-Newark-Jersey City, NY-NJ",1,408,"New York-Newark, NY-NJ-CT-PA",3607,36053,36018,2023-2024
A1101665,GREENE HILL SCHOOL,39 ADELPHI ST,BROOKLYN,NY,11205,36,36047,Kings County,11,40.696870000000004,-73.972451,35620,"New York-Newark-Jersey City, NY-NJ",1,408,"New York-Newark, NY-NJ-CT-PA",3607,36052,36025,2023-2024
A1101683,CRISTO REY BROOKLYN HIGH SCHOOL,710 E 37TH ST,BROOKLYN,NY,11203,36,36047,Kings County,11,40.639425,-73.94187600000001,35620,"New York-Newark-Jersey City, NY-NJ",1,408,"New York-Newark, NY-NJ-CT-PA",3609,36058,36021,2023-2024
A1101747,YESHIVAT LEV TORAH,3300 KINGS HWY,BROOKLYN,NY,11234,36,36047,Kings County,11,40.61884,-73.941821,35620,"New York-Newark-Jersey City, NY-NJ",1,408,"New York-Newark, NY-NJ-CT-PA",3609,36041,36021,2023-2024
A1302125,TALMUD TORAH TZEMACH TZADIK VIZNITZ,77-87 WALLABOUT ST,BROOKLYN,NY,11249,36,36047,Kings County,11,40.699716,-73.958402,35620,"New York-Newark-Jersey City, NY-NJ",1,408,"New York-Newark, NY-NJ-CT-PA",3607,36050,36018,2023-2024
A1302131,YESHIVA BAIS CHAYA ESTHER,1305 AVE R,BROOKLYN,NY,11229,36,36047,Kings County,11,40.605833000000004,-73.959378,35620,"New York-Newark-Jersey City, NY-NJ",1,408,"New York-Newark, NY-NJ-CT-PA",3609,36045,36022,2023-2024
A1502437,BAIS RUCHEL DSATMAR GIRLS SCHOOL,762 WYTHE AVE,BROOKLYN,NY,11249,36,36047,Kings County,11,40.700556,-73.960412,35620,"New York-Newark-Jersey City, NY-NJ",1,408,"New York-Newark, NY-NJ-CT-PA",3607,36050,36018,2023-2024
A1502451,BNOIS SPINKA,127 WALLABOUT ST,BROOKLYN,NY,11206,36,36047,Kings County,11,40.700079,-73.955016,35620,"New York-Newark-Jersey City, NY-NJ",1,408,"New York-Newark, NY-NJ-CT-PA",3607,36050,36018,2023-2024
A1502452,BNOS SPINKA BOYS SCHOOL,127 WALLABOUT ST,BROOKLYN,NY,11206,36,36047,Kings County,11,40.700155,-73.955079,35620,"New York-Newark-Jersey City, NY-NJ",1,408,"New York-Newark, NY-NJ-CT-PA",3607,36050,36018,2023-2024
A1502453,BNOS YOAKOV EDUCATIONAL CENTER,62-68 HARRISON AVE,BROOKLYN,NY,11211,36,36047,Kings County,11,40.704645,-73.95239600000001,35620,"New York-Newark-Jersey City, NY-NJ",1,408,"New York-Newark, NY-NJ-CT-PA",3607,36050,36018,2023-2024
A1502470,THE CO-OP SCHOOL,644 GATES AVE,BROOKLYN,NY,11221,36,36047,Kings County,11,40.687356,-73.939233,35620,"New York-Newark-Jersey City, NY-NJ",1,408,"New York-Newark, NY-NJ-CT-PA",3608,36056,36025,2023-2024
A1502475,CONGREGATION BNOS CHAYA,4511 14TH AVE,BROOKLYN,NY,11219,36,36047,Kings County,11,40.63557,-73.987677,35620,"New York-Newark-Jersey City, NY-NJ",1,408,"New York-Newark, NY-NJ-CT-PA",3609,36048,36022,2023-2024
A1502486,EISEK HATORAH D'RACHMISTRIVKA,8101 AVE K,BROOKLYN,NY,11236,36,36047,Kings County,11,40.63297,-73.90879100000001,35620,"New York-Newark-Jersey City, NY-NJ",1,408,"New York-Newark, NY-NJ-CT-PA",3608,36059,36019,2023-2024
A1502535,MESILAS BAIS YAAKOV,420 19TH ST,BROOKLYN,NY,11215,36,36047,Kings County,11,40.658079,-73.985332,35620,"New York-Newark-Jersey City, NY-NJ",1,408,"New York-Newark, NY-NJ-CT-PA",3610,36044,36020,2023-2024
A1502538,MESIVTA NESIVOS HATALMUD,1228 36TH ST,BROOKLYN,NY,11218,36,36047,Kings County,11,40.643026,-73.986251,35620,"New York-Newark-Jersey City, NY-NJ",1,408,"New York-Newark, NY-NJ-CT-PA",3610,36044,36022,2023-2024
A1502555,OHEL CHAYZ DBA TIFERES MORDECHEI CENTER FOR INTERG,16 SUMNER PL,BROOKLYN,NY,11206,36,36047,Kings County,11,40.700720000000004,-73.94062100000001,35620,"New York-Newark-Jersey City, NY-NJ",1,408,"New York-Newark, NY-NJ-CT-PA",3607,36053,36018,2023-2024
A1502593,ST CATHERINE GENOA ST THERESE OF LISIEUX CATH ACAD,4410 AVE D,BROOKLYN,NY,11203,36,36047,Kings County,11,40.641426,-73.934397,35620,"New York-Newark-Jersey City, NY-NJ",1,408,"New York-Newark, NY-NJ-CT-PA",3609,36058,36021,2023-2024
A1502641,YESHIVA BETH HILLEL OF WILLIAMSBURG,35 HEWES ST,BROOKLYN,NY,11249,36,36047,Kings County,11,40.70089,-73.962215,35620,"New York-Newark-Jersey City, NY-NJ",1,408,"New York-Newark, NY-NJ-CT-PA",3607,36052,36018,2023-2024
A1502655,YESHIVA OHR YISRAEL,2940 AVE P,BROOKLYN,NY,11229,36,36047,Kings County,11,40.61272,-73.94367100000001,35620,"New York-Newark-Jersey City, NY-NJ",1,408,"New York-Newark, NY-NJ-CT-PA",3609,36041,36022,2023-2024
A1502665,YESHIVAH PREP HIGH SCHOOL,1412 AVE J,BROOKLYN,NY,11230,36,36047,Kings County,11,40.624974,-73.961828,35620,"New York-Newark-Jersey City, NY-NJ",1,408,"New York-Newark, NY-NJ-CT-PA",3609,36048,36022,2023-2024
A1502666,YESHIVAT OHEL TORAH,2600 OCEAN AVE,BROOKLYN,NY,11229,36,36047,Kings County,11,40.59792,-73.951481,35620,"New York-Newark-Jersey City, NY-NJ",1,408,"New York-Newark, NY-NJ-CT-PA",3608,36041,36022,2023-2024
A1592124,CRISTO REY BROOKLYN HIGH SCHOOL,710 E 37TH ST,BROOKLYN,NY,11203,36,36047,Kings County,11,40.639425,-73.94187600000001,35620,"New York-Newark-Jersey City, NY-NJ",1,408,"New York-Newark, NY-NJ-CT-PA",3609,36058,36021,2023-2024
A1702565,BROOKLYN FRIENDS UPPER SCHOOL,116 LAWRENCE ST,BROOKLYN,NY,11201,36,36047,Kings County,11,40.693226,-73.98652200000001,35620,"New York-Newark-Jersey City, NY-NJ",1,408,"New York-Newark, NY-NJ-CT-PA",3607,36052,36026,2023-2024
A1702684,TALMUD TORAH TIFERES YECHIEL D'ALEKSANDER INC,3909 15TH AVE,BROOKLYN,NY,11218,36,36047,Kings County,11,40.637628,-73.982039,35620,"New York-Newark-Jersey City, NY-NJ",1,408,"New York-Newark, NY-NJ-CT-PA",3609,36048,36022,2023-2024
A1790363,BASIS INDEPENDENT BROOKLYN,556 COLUMBIA ST,BROOKLYN,NY,11231,36,36047,Kings County,11,40.67313,-74.009011,35620,"New York-Newark-Jersey City, NY-NJ",1,408,"New York-Newark, NY-NJ-CT-PA",3610,36051,36026,2023-2024
A1790373,FUSION ACADEMY BRK: BROOKLYN,1 METROTECH CTR N STE 1004,BROOKLYN,NY,11201,36,36047,Kings County,11,40.693066,-73.98674,35620,"New York-Newark-Jersey City, NY-NJ",1,408,"New York-Newark, NY-NJ-CT-PA",3607,36052,36026,2023-2024
A1902950,A PLUS KIDZ ACADEMY,10510 FLATLANDS AVE,BROOKLYN,NY,11236,36,36047,Kings County,11,40.647627,-73.89423000000001,35620,"New York-Newark-Jersey City, NY-NJ",1,408,"New York-Newark, NY-NJ-CT-PA",3608,36060,36019,2023-2024
A1902983,BLESSED SACRAMENT CATHOLIC ACADEMY,187 EUCLID AVE,BROOKLYN,NY,11208,36,36047,Kings County,11,40.683942,-73.874069,35620,"New York-Newark-Jersey City, NY-NJ",1,408,"New York-Newark, NY-NJ-CT-PA",3607,36054,36018,2023-2024
A1903037,GERMAN SCHOOL BROOKLYN,760 STERLING PL,BROOKLYN,NY,11216,36,36047,Kings County,11,40.672447,-73.953346,35620,"New York-Newark-Jersey City, NY-NJ",1,408,"New York-Newark, NY-NJ-CT-PA",3609,36057,36020,2023-2024
A1903070,MAGEN DAVID YESHIVAH HIGH SCHOOL,7801 BAY PKWY,BROOKLYN,NY,11214,36,36047,Kings County,11,40.606177,-73.989034,35620,"New York-Newark-Jersey City, NY-NJ",1,408,"New York-Newark, NY-NJ-CT-PA",3611,36047,36017,2023-2024
A1903096,NAZARETH REGIONAL HIGH SCHOOL,475 E 57TH ST,BROOKLYN,NY,11203,36,36047,Kings County,11,40.6438,-73.922281,35620,"New York-Newark-Jersey City, NY-NJ",1,408,"New York-Newark, NY-NJ-CT-PA",3609,36058,36021,2023-2024
A1903107,THE PATHWAY STUDY CENTER INC,1305 CONEY ISLAND AVE,BROOKLYN,NY,11230,36,36047,Kings County,11,40.62558,-73.96511100000001,35620,"New York-Newark-Jersey City, NY-NJ",1,408,"New York-Newark, NY-NJ-CT-PA",3609,36048,36022,2023-2024
A1903181,UNITED CEREBRAL PALSY OF NEW YORK CITY,175 LAWRENCE AVE,BROOKLYN,NY,11230,36,36047,Kings County,11,40.63107,-73.973301,35620,"New York-Newark-Jersey City, NY-NJ",1,408,"New York-Newark, NY-NJ-CT-PA",3609,36048,36022,2023-2024
A1903208,YAD YISROEL,2555 NOSTRAND AVE,BROOKLYN,NY,11210,36,36047,Kings County,11,40.62243,-73.945871,35620,"New York-Newark-Jersey City, NY-NJ",1,408,"New York-Newark, NY-NJ-CT-PA",3609,36042,36021,2023-2024
A1903218,BNOS MARGULIA VIZNITZ - DBA OF YESHIVA IMREI CHAIM,971 41ST ST,BROOKLYN,NY,11219,36,36047,Kings County,11,40.644079000000005,-73.99444700000001,35620,"New York-Newark-Jersey City, NY-NJ",1,408,"New York-Newark, NY-NJ-CT-PA",3610,36051,36017,2023-2024
A1903224,YESHIVA OF BROOKLYN,1470 OCEAN PKWY,BROOKLYN,NY,11230,36,36047,Kings County,11,40.612855,-73.96902800000001,35620,"New York-Newark-Jersey City, NY-NJ",1,408,"New York-Newark, NY-NJ-CT-PA",3609,36045,36022,2023-2024
A1903236,YESHIVA TIFERES BUNIM,5202 13TH AVE,BROOKLYN,NY,11219,36,36047,Kings County,11,40.633409,-73.9942,35620,"New York-Newark-Jersey City, NY-NJ",1,408,"New York-Newark, NY-NJ-CT-PA",3610,36048,36022,2023-2024
A1903244,YESHIVAT OR HATORAH,2119 HOMECREST AVE,BROOKLYN,NY,11229,36,36047,Kings County,11,40.59801,-73.958945,35620,"New York-Newark-Jersey City, NY-NJ",1,408,"New York-Newark, NY-NJ-CT-PA",3608,36045,36022,2023-2024
A1990551,BROOKLYN KIDS PREPARATORY SCHOOL,2215 E 23RD ST,BROOKLYN,NY,11229,36,36047,Kings County,11,40.597182000000004,-73.947866,35620,"New York-Newark-Jersey City, NY-NJ",1,408,"New York-Newark, NY-NJ-CT-PA",3608,36041,36022,2023-2024
A1992196,YESHIVAS TOMCHEI TMIMIM LUBAVITC,570 CROWN ST,BROOKLYN,NY,11213,36,36047,Kings County,11,40.665302000000004,-73.93960200000001,35620,"New York-Newark-Jersey City, NY-NJ",1,408,"New York-Newark, NY-NJ-CT-PA",3609,36043,36020,2023-2024
A2102526,BET YAKOV ATERET TORAH HIGH SCHOOL,2166 CONEY ISLAND AVE,BROOKLYN,NY,11223,36,36047,Kings County,11,40.604117,-73.962181,35620,"New York-Newark-Jersey City, NY-NJ",1,408,"New York-Newark, NY-NJ-CT-PA",3609,36045,36022,2023-2024
A2102539,BNOS YISROEL SCHOOL,1629 E 15TH ST,BROOKLYN,NY,11229,36,36047,Kings County,11,40.609647,-73.95822,35620,"New York-Newark-Jersey City, NY-NJ",1,408,"New York-Newark, NY-NJ-CT-PA",3609,36045,36022,2023-2024
A2102545,BROOKLYN INDEPENDENT,38 LAFAYETTE AVE AVE-5TH FL,BROOKLYN,NY,11217,36,36047,Kings County,11,40.68675,-73.977089,35620,"New York-Newark-Jersey City, NY-NJ",1,408,"New York-Newark, NY-NJ-CT-PA",3610,36057,36026,2023-2024
A2102556,CHABAD GIRLS ACADEMY,823 EASTERN PKWY,BROOKLYN,NY,11213,36,36047,Kings County,11,40.669785000000005,-73.94098100000001,35620,"New York-Newark-Jersey City, NY-NJ",1,408,"New York-Newark, NY-NJ-CT-PA",3609,36043,36020,2023-2024
A2102557,CHEDER,129 ELMWOOD AVE,BROOKLYN,NY,11230,36,36047,Kings County,11,40.627296,-73.975374,35620,"New York-Newark-Jersey City, NY-NJ",1,408,"New York-Newark, NY-NJ-CT-PA",3609,36048,36022,2023-2024
A2102609,GAN ACADEMY,440 CROWN ST,BROOKLYN,NY,11225,36,36047,Kings County,11,40.665708,-73.94454900000001,35620,"New York-Newark-Jersey City, NY-NJ",1,408,"New York-Newark, NY-NJ-CT-PA",3609,36043,36020,2023-2024
A2102617,GUIDE POST MONTESSORI SCHOOL,212 HICKS ST,BROOKLYN,NY,11201,36,36047,Kings County,11,40.695066000000004,-73.996142,35620,"New York-Newark-Jersey City, NY-NJ",1,408,"New York-Newark, NY-NJ-CT-PA",3610,36052,36026,2023-2024
A2102661,MARILYN DAVID IVDU BOYS UPPER SCHOOL,1760 53RD ST,BROOKLYN,NY,11204,36,36047,Kings County,11,40.62627,-73.983992,35620,"New York-Newark-Jersey City, NY-NJ",1,408,"New York-Newark, NY-NJ-CT-PA",3609,36048,36022,2023-2024
A2102662,MARILYN DAVID IVDU UPPER GIRLS SCHOOL,1244 E 7TH ST,BROOKLYN,NY,11230,36,36047,Kings County,11,40.620573,-73.968566,35620,"New York-Newark-Jersey City, NY-NJ",1,408,"New York-Newark, NY-NJ-CT-PA",3609,36048,36022,2023-2024
A2102665,MARY MCDOWELL FRIENDS UPPER SCHOOL,23 SIDNEY PL,BROOKLYN,NY,11201,36,36047,Kings County,11,40.692133,-73.994343,35620,"New York-Newark-Jersey City, NY-NJ",1,408,"New York-Newark, NY-NJ-CT-PA",3610,36052,36026,2023-2024
A2102666,MARY MCDOWELL FRIENDS SCHOOL,20 BERGEN ST,BROOKLYN,NY,11201,36,36047,Kings County,11,40.687424,-73.992641,35620,"New York-Newark-Jersey City, NY-NJ",1,408,"New York-Newark, NY-NJ-CT-PA",3610,36052,36026,2023-2024
A2102691,NESIVOS BAIS YAAKOV,622 FOSTER AVE,BROOKLYN,NY,11230,36,36047,Kings County,11,40.63026,-73.970501,35620,"New York-Newark-Jersey City, NY-NJ",1,408,"New York-Newark, NY-NJ-CT-PA",3609,36044,36021,2023-2024
A2102693,NESIVOS BAIS YAAKOV BOYS,1334 OCEAN PKWY,BROOKLYN,NY,11230,36,36047,Kings County,11,40.616109,-73.969556,35620,"New York-Newark-Jersey City, NY-NJ",1,408,"New York-Newark, NY-NJ-CT-PA",3609,36048,36022,2023-2024
A2102712,PROSPECT PARK YESHIVA,1784 E 17TH ST,BROOKLYN,NY,11229,36,36047,Kings County,11,40.606317000000004,-73.956087,35620,"New York-Newark-Jersey City, NY-NJ",1,408,"New York-Newark, NY-NJ-CT-PA",3609,36045,36022,2023-2024
A2102734,SHALSHELES BAIS YAAKOV,4001 16TH AVE,BROOKLYN,NY,11218,36,36047,Kings County,11,40.635891,-73.98023,35620,"New York-Newark-Jersey City, NY-NJ",1,408,"New York-Newark, NY-NJ-CT-PA",3609,36044,36022,2023-2024
A2102735,SHALSHELES BAIS YAAKOV HIGH SCHOOL,4001 16TH AVE,BROOKLYN,NY,11218,36,36047,Kings County,11,40.635819000000005,-73.980144,35620,"New York-Newark-Jersey City, NY-NJ",1,408,"New York-Newark, NY-NJ-CT-PA",3609,36044,36022,2023-2024
A2102778,UNITED TALMUDICAL ACADEMY OF BORO PARK,5301 14TH AVE,BROOKLYN,NY,11219,36,36047,Kings County,11,40.631085,-73.992335,35620,"New York-Newark-Jersey City, NY-NJ",1,408,"New York-Newark, NY-NJ-CT-PA",3609,36048,36022,2023-2024
A2102815,YESHIVAT DARCHE ERES BOYS HIGH SCHOOL,2533 CONEY ISLAND AVE,BROOKLYN,NY,11223,36,36047,Kings County,11,40.594923,-73.960434,35620,"New York-Newark-Jersey City, NY-NJ",1,408,"New York-Newark, NY-NJ-CT-PA",3608,36045,36022,2023-2024
A2190579,HADRAN ACADEMY,4419 13TH AVE,BROOKLYN,NY,11219,36,36047,Kings County,11,40.637223,-73.989414,35620,"New York-Newark-Jersey City, NY-NJ",1,408,"New York-Newark, NY-NJ-CT-PA",3610,36048,36022,2023-2024
A2190601,THE NEW LIFE CHILD DEVELOPMENT CENTER,295 WOODBINE ST,BROOKLYN,NY,11237,36,36047,Kings County,11,40.696407,-73.913238,35620,"New York-Newark-Jersey City, NY-NJ",1,408,"New York-Newark, NY-NJ-CT-PA",3607,36053,36018,2023-2024
A2200037,ST EDMUND PREPARATORY HIGH SCHOOL,2474 OCEAN AVE,BROOKLYN,NY,11229,36,36047,Kings County,11,40.600881,-73.95206,35620,"New York-Newark-Jersey City, NY-NJ",1,408,"New York-Newark, NY-NJ-CT-PA",3608,36041,36022,2023-2024
A2301677,BASIS INDEPENDENT BROOKLYN LOWER,405 GOLD ST,BROOKLYN,NY,11201,36,36047,Kings County,11,40.69185,-73.983109,35620,"New York-Newark-Jersey City, NY-NJ",1,408,"New York-Newark, NY-NJ-CT-PA",3610,36052,36026,2023-2024
A2301691,CONG YESHUOS MOSHE OF WILLIAMSBURG,7787 WALLABOUT ST,BROOKLYN,NY,11249,36,36047,Kings County,11,40.699716,-73.958402,35620,"New York-Newark-Jersey City, NY-NJ",1,408,"New York-Newark, NY-NJ-CT-PA",3607,36050,36018,2023-2024
A2301725,MS LAM MONTESSORI SCHOOL,2 N 5TH ST,BROOKLYN,NY,11249,36,36047,Kings County,11,40.719818000000004,-73.964083,35620,"New York-Newark-Jersey City, NY-NJ",1,408,"New York-Newark, NY-NJ-CT-PA",3607,36050,36059,2023-2024
A2301738,RYKEN EDUCATIONAL CENTER,7100 SHORE RD,BROOKLYN,NY,11209,36,36047,Kings County,11,40.636881,-74.036043,35620,"New York-Newark-Jersey City, NY-NJ",1,408,"New York-Newark, NY-NJ-CT-PA",3611,36064,36026,2023-2024
A2301741,SHULAMITH SCHOOL FOR GIRLS,60 WESTEND AVE,BROOKLYN,NY,11235,36,36047,Kings County,11,40.580594000000005,-73.953941,35620,"New York-Newark-Jersey City, NY-NJ",1,408,"New York-Newark, NY-NJ-CT-PA",3608,36045,36023,2023-2024
A2301752,TORAH VYIRAH OF BORO PARK,5301 14TH AVE,BROOKLYN,NY,11219,36,36047,Kings County,11,40.631085,-73.992335,35620,"New York-Newark-Jersey City, NY-NJ",1,408,"New York-Newark, NY-NJ-CT-PA",3609,36048,36022,2023-2024
A2301759,UNITED TALMUDICAL ACADEMY,25 WAVERLY AVE,BROOKLYN,NY,11205,36,36047,Kings County,11,40.696875,-73.96844,35620,"New York-Newark-Jersey City, NY-NJ",1,408,"New York-Newark, NY-NJ-CT-PA",3607,36052,36025,2023-2024
A2301763,UTA 656,656 WILLOUGHBY AVE,BROOKLYN,NY,11206,36,36047,Kings County,11,40.694481,-73.943019,35620,"New York-Newark-Jersey City, NY-NJ",1,408,"New York-Newark, NY-NJ-CT-PA",3608,36056,36025,2023-2024
A2301765,WILLIAMSBURG MONTESSORI,450 KENT AVE 1ST FL,BROOKLYN,NY,11249,36,36047,Kings County,11,40.708791,-73.968602,35620,"New York-Newark-Jersey City, NY-NJ",1,408,"New York-Newark, NY-NJ-CT-PA",3607,36050,36018,2023-2024
A2301776,YESHIVA MESIFTA VYOEL MOSHE,960 49TH ST,BROOKLYN,NY,11219,36,36047,Kings County,11,40.639356,-73.999476,35620,"New York-Newark-Jersey City, NY-NJ",1,408,"New York-Newark, NY-NJ-CT-PA",3610,36049,36022,2023-2024
A2301778,YESHIVA OHR YOSEPH,1128 36TH ST,BROOKLYN,NY,11218,36,36047,Kings County,11,40.643973,-73.987637,35620,"New York-Newark-Jersey City, NY-NJ",1,408,"New York-Newark, NY-NJ-CT-PA",3610,36044,36022,2023-2024
A2301779,MESIVTA YESHIVA RABBI CHAIM BERLIN,1559 CONEY ISLAND AVE,BROOKLYN,NY,11230,36,36047,Kings County,11,40.619358,-73.963922,35620,"New York-Newark-Jersey City, NY-NJ",1,408,"New York-Newark, NY-NJ-CT-PA",3609,36048,36022,2023-2024
A2301786,YESHIVAT LEV TORAH HIGH SCHOOL,3300 KINGS HWY,BROOKLYN,NY,11210,36,36047,Kings County,11,40.618836,-73.941818,35620,"New York-Newark-Jersey City, NY-NJ",1,408,"New York-Newark, NY-NJ-CT-PA",3609,36041,36021,2023-2024
A2370855,BASIS INDEPENDENT BROOKLYN UPPER SCHOOL,556 COLUMBIA ST,BROOKLYN,NY,11231,36,36047,Kings County,11,40.672953,-74.009088,35620,"New York-Newark-Jersey City, NY-NJ",1,408,"New York-Newark, NY-NJ-CT-PA",3610,36051,36026,2023-2024
A2370869,"INTL SCHOOL, BROOKLYN",477  CT ST,BROOKLYN,NY,11231,36,36047,Kings County,11,40.676598,-73.99847700000001,35620,"New York-Newark-Jersey City, NY-NJ",1,408,"New York-Newark, NY-NJ-CT-PA",3610,36052,36026,2023-2024
A2370906,YESHIVA NESIVOS CHAIM,221 AVE F,BROOKLYN,NY,11218,36,36047,Kings County,11,40.633497,-73.975734,35620,"New York-Newark-Jersey City, NY-NJ",1,408,"New York-Newark, NY-NJ-CT-PA",3609,36044,36021,2023-2024
A2390375,ACHIEVEMENT UNLOCKED,408 JAY ST STE 2,BROOKLYN,NY,11201,36,36047,Kings County,11,40.691790000000005,-73.98748400000001,35620,"New York-Newark-Jersey City, NY-NJ",1,408,"New York-Newark, NY-NJ-CT-PA",3610,36052,36026,2023-2024
A2400123,BROOKLYN SCHOOL OF EXCELLENCE,23 BRIGHTON 11TH ST,BROOKLYN,NY,11235,36,36047,Kings County,11,40.581895,-73.956053,35620,"New York-Newark-Jersey City, NY-NJ",1,408,"New York-Newark, NY-NJ-CT-PA",3608,36045,36023,2023-2024
A9104699,BAY RIDGE CHRISTIAN ACADEMY,6324 7TH AVE,BROOKLYN,NY,11220,36,36047,Kings County,11,40.63495,-74.014121,35620,"New York-Newark-Jersey City, NY-NJ",1,408,"New York-Newark, NY-NJ-CT-PA",3610,36049,36017,2023-2024
A9104711,TREY WHITFIELD SCHOOL,17 HINSDALE ST,BROOKLYN,NY,11207,36,36047,Kings County,11,40.675042000000005,-73.900985,35620,"New York-Newark-Jersey City, NY-NJ",1,408,"New York-Newark, NY-NJ-CT-PA",3608,36055,36019,2023-2024
A9104784,WILLIAM T DILLON CHILD STUDY CENTER,239 VANDERBILT AVE,BROOKLYN,NY,11205,36,36047,Kings County,11,40.690754,-73.969066,35620,"New York-Newark-Jersey City, NY-NJ",1,408,"New York-Newark, NY-NJ-CT-PA",3607,36057,36025,2023-2024
A9104831,NEW GRACE CENTER,650 LIVONIA AVE,BROOKLYN,NY,11207,36,36047,Kings County,11,40.664771,-73.892747,35620,"New York-Newark-Jersey City, NY-NJ",1,408,"New York-Newark, NY-NJ-CT-PA",3608,36060,36019,2023-2024
A9104844,HASC - HEBREW ACADEMY FOR SPECIAL CHILDREN,6220 14TH AVE,BROOKLYN,NY,11219,36,36047,Kings County,11,40.626101,-73.998175,35620,"New York-Newark-Jersey City, NY-NJ",1,408,"New York-Newark, NY-NJ-CT-PA",3610,36049,36017,2023-2024
A9104857,DIMITRIOS & GEORGIA KALOIDIS PAROCHIAL SCHOOL,8502 RIDGE BLVD,BROOKLYN,NY,11209,36,36047,Kings County,11,40.62476,-74.03384100000001,35620,"New York-Newark-Jersey City, NY-NJ",1,408,"New York-Newark, NY-NJ-CT-PA",3611,36046,36026,2023-2024
A9104913,MESIVTA YESHIVA RABBI CHAIM BERLIN,1310 AVE I,BROOKLYN,NY,11230,36,36047,Kings County,11,40.627278000000004,-73.963161,35620,"New York-Newark-Jersey City, NY-NJ",1,408,"New York-Newark, NY-NJ-CT-PA",3609,36048,36022,2023-2024
A9104979,PHYLS ACADEMY PREPARATORY SCHOOL,3520 TILDEN AVE,BROOKLYN,NY,11203,36,36047,Kings County,11,40.646863,-73.943691,35620,"New York-Newark-Jersey City, NY-NJ",1,408,"New York-Newark, NY-NJ-CT-PA",3609,36042,36021,2023-2024
A9105030,ST EPHREM CATHOLIC ACADEMY,924 74TH ST,BROOKLYN,NY,11228,36,36047,Kings County,11,40.625632,-74.015013,35620,"New York-Newark-Jersey City, NY-NJ",1,408,"New York-Newark, NY-NJ-CT-PA",3611,36049,36026,2023-2024
A9105071,TOMER DEVORAH HIGH SCHOOL,5801 16TH AVE,BROOKLYN,NY,11204,36,36047,Kings County,11,40.6257,-73.990551,35620,"New York-Newark-Jersey City, NY-NJ",1,408,"New York-Newark, NY-NJ-CT-PA",3609,36048,36022,2023-2024
A9300620,ST ANN'S SCHOOL,129 PIERREPONT ST,BROOKLYN,NY,11201,36,36047,Kings County,11,40.695185,-73.992157,35620,"New York-Newark-Jersey City, NY-NJ",1,408,"New York-Newark, NY-NJ-CT-PA",3610,36052,36026,2023-2024
A9300665,BROOKLYN HEIGHTS MONTESSORI SCHOOL,185 CT ST,BROOKLYN,NY,11201,36,36047,Kings County,11,40.68789,-73.992951,35620,"New York-Newark-Jersey City, NY-NJ",1,408,"New York-Newark, NY-NJ-CT-PA",3610,36052,36026,2023-2024
A9303708,BATTALION CHRISTIAN ACADEMY,661 LINDEN BLVD,BROOKLYN,NY,11203,36,36047,Kings County,11,40.653912,-73.933936,35620,"New York-Newark-Jersey City, NY-NJ",1,408,"New York-Newark, NY-NJ-CT-PA",3609,36058,36020,2023-2024
A9502963,GESHER YEHUDA,49 AVE T,BROOKLYN,NY,11223,36,36047,Kings County,11,40.598452,-73.983138,35620,"New York-Newark-Jersey City, NY-NJ",1,408,"New York-Newark, NY-NJ-CT-PA",3611,36047,36017,2023-2024
A9503090,YESHIVA TZEMACH TZADIK VIZNITZ,186 ROSS ST STE 1,BROOKLYN,NY,11211,36,36047,Kings County,11,40.70603,-73.959506,35620,"New York-Newark-Jersey City, NY-NJ",1,408,"New York-Newark, NY-NJ-CT-PA",3607,36050,36018,2023-2024
A9702395,GREAT OAKS ELEMENTARY SCHOOL,4718 FARRAGUT RD,BROOKLYN,NY,11203,36,36047,Kings County,11,40.6372,-73.931071,35620,"New York-Newark-Jersey City, NY-NJ",1,408,"New York-Newark, NY-NJ-CT-PA",3609,36041,36021,2023-2024
A9702490,TALMUD TORAH OF KASHO,324 PENN ST,BROOKLYN,NY,11211,36,36047,Kings County,11,40.706160000000004,-73.952001,35620,"New York-Newark-Jersey City, NY-NJ",1,408,"New York-Newark, NY-NJ-CT-PA",3607,36050,36018,2023-2024
A9903137,YESHIVA ATERET TORAH,901 QUENTIN RD,BROOKLYN,NY,11223,36,36047,Kings County,11,40.607793,-73.963733,35620,"New York-Newark-Jersey City, NY-NJ",1,408,"New York-Newark, NY-NJ-CT-PA",3609,36045,36022,2023-2024
A9903225,MESIVTA/YESHIVA GEDOLA MANHATTAN BEACH,59 W END AVE,BROOKLYN,NY,11235,36,36047,Kings County,11,40.58026,-73.953211,35620,"New York-Newark-Jersey City, NY-NJ",1,408,"New York-Newark, NY-NJ-CT-PA",3608,36045,36023,2023-2024
A9903260,TALMUD TORAH IMREI CHEIM,1824 53RD ST,BROOKLYN,NY,11204,36,36047,Kings County,11,40.6254,-73.982681,35620,"New York-Newark-Jersey City, NY-NJ",1,408,"New York-Newark, NY-NJ-CT-PA",3609,36048,36022,2023-2024
AA000069,BAIS YAAKOV OF 18TH AVE,4419 18TH AVE,BROOKLYN,NY,11204,36,36047,Kings County,11,40.63017,-73.97774100000001,35620,"New York-Newark-Jersey City, NY-NJ",1,408,"New York-Newark, NY-NJ-CT-PA",3609,36048,36022,2023-2024
AA000953,MIRRER YESHIVA EDUCATIONAL INSTITUTE,1791 OCEAN PKWY,BROOKLYN,NY,11223,36,36047,Kings County,11,40.605091,-73.96604500000001,35620,"New York-Newark-Jersey City, NY-NJ",1,408,"New York-Newark, NY-NJ-CT-PA",3609,36045,36022,2023-2024
AA001663,YESHIVAT ATERET TORAH,901 QUENTIN RD,BROOKLYN,NY,11223,36,36047,Kings County,11,40.607793,-73.96373200000001,35620,"New York-Newark-Jersey City, NY-NJ",1,408,"New York-Newark, NY-NJ-CT-PA",3609,36045,36022,2023-2024
AA890630,PROSPECT PARK BNOS LEAH HIGH SCHOOL,1784 E 17TH STREET,BROOKLYN,NY,11229,36,36047,Kings County,11,40.606465,-73.956164,35620,"New York-Newark-Jersey City, NY-NJ",1,408,"New York-Newark, NY-NJ-CT-PA",3609,36045,36022,2023-2024
AA890662,MASORES BAIS YAAKOV,1395 OCEAN AVE,BROOKLYN,NY,11230,36,36047,Kings County,11,40.628374,-73.95652100000001,35620,"New York-Newark-Jersey City, NY-NJ",1,408,"New York-Newark, NY-NJ-CT-PA",3609,36042,36021,2023-2024
AA890712,YESHIVAS NOVOMINSK,1690 60TH ST,BROOKLYN,NY,11204,36,36047,Kings County,11,40.62343,-73.989911,35620,"New York-Newark-Jersey City, NY-NJ",1,408,"New York-Newark, NY-NJ-CT-PA",3609,36048,36022,2023-2024
BB021405,ST EDMUND PREPARATORY HIGH SCHOOL,2474 OCEAN AVE,BROOKLYN,NY,11229,36,36047,Kings County,11,40.600973,-73.95208600000001,35620,"New York-Newark-Jersey City, NY-NJ",1,408,"New York-Newark, NY-NJ-CT-PA",3608,36041,36022,2023-2024
BB041128,MOSDOS CHASIDEI SQUARE,105 HEYWARD ST,BROOKLYN,NY,11206,36,36047,Kings County,11,40.701451,-73.956902,35620,"New York-Newark-Jersey City, NY-NJ",1,408,"New York-Newark, NY-NJ-CT-PA",3607,36050,36018,2023-2024
BB041254,BE'ER HAGOLAH INSTITUTES (B & G),671 LOUISIANA AVE,BROOKLYN,NY,11239,36,36047,Kings County,11,40.645919,-73.882912,35620,"New York-Newark-Jersey City, NY-NJ",1,408,"New York-Newark, NY-NJ-CT-PA",3608,36060,36019,2023-2024
BB061072,BEIS CHAYA MUSHKA,1505 CARROLL ST,BROOKLYN,NY,11213,36,36047,Kings County,11,40.666560000000004,-73.937261,35620,"New York-Newark-Jersey City, NY-NJ",1,408,"New York-Newark, NY-NJ-CT-PA",3609,36043,36020,2023-2024
BB061076,A FANTIS PAROCHIAL SCHOOL,195 STATE ST,BROOKLYN,NY,11201,36,36047,Kings County,11,40.690357,-73.991364,35620,"New York-Newark-Jersey City, NY-NJ",1,408,"New York-Newark, NY-NJ-CT-PA",3610,36052,36026,2023-2024
BB061130,OUR LADY OF GRACE CATHOLIC ACADEMY,385 AVE W,BROOKLYN,NY,11223,36,36047,Kings County,11,40.593152,-73.968349,35620,"New York-Newark-Jersey City, NY-NJ",1,408,"New York-Newark, NY-NJ-CT-PA",3608,36045,36022,2023-2024
BB061133,MACADEMY,1313 UNION ST,BROOKLYN,NY,11225,36,36047,Kings County,11,40.66906,-73.948611,35620,"New York-Newark-Jersey City, NY-NJ",1,408,"New York-Newark, NY-NJ-CT-PA",3609,36043,36020,2023-2024
BB061144,BROOKLYN JESUIT PREP,925 E 37TH ST,BROOKLYN,NY,11210,36,36047,Kings County,11,40.634285,-73.94061,35620,"New York-Newark-Jersey City, NY-NJ",1,408,"New York-Newark, NY-NJ-CT-PA",3609,36058,36021,2023-2024
BB081208,BNOIS SPINKA,799 KENT AVE,BROOKLYN,NY,11205,36,36047,Kings County,11,40.697059,-73.959676,35620,"New York-Newark-Jersey City, NY-NJ",1,408,"New York-Newark, NY-NJ-CT-PA",3608,36057,36025,2023-2024
BB081260,EAST ACADEMY OF SCIENCE & TECHNOLOGY,2115 BENSON AVE,BROOKLYN,NY,11214,36,36047,Kings County,11,40.601467,-73.997102,35620,"New York-Newark-Jersey City, NY-NJ",1,408,"New York-Newark, NY-NJ-CT-PA",3611,36047,36017,2023-2024
BB081313,MARY BOBB LEARNING ACADEMY,1187 NOSTRAND AVE,BROOKLYN,NY,11225,36,36047,Kings County,11,40.658347,-73.95013300000001,35620,"New York-Newark-Jersey City, NY-NJ",1,408,"New York-Newark, NY-NJ-CT-PA",3609,36043,36020,2023-2024
BB081342,INTERNATIONAL SCHOOL OF BROOKLYN,192 LUQUER ST,BROOKLYN,NY,11231,36,36047,Kings County,11,40.6766,-73.998312,35620,"New York-Newark-Jersey City, NY-NJ",1,408,"New York-Newark, NY-NJ-CT-PA",3610,36052,36026,2023-2024
BB101081,YESHIVAT MAGEN ABRAHAM,723 AVE Z,BROOKLYN,NY,11223,36,36047,Kings County,11,40.586780000000005,-73.96740100000001,35620,"New York-Newark-Jersey City, NY-NJ",1,408,"New York-Newark, NY-NJ-CT-PA",3608,36045,36023,2023-2024
BB121497,JEWISH CENTER FOR SPECIAL EDUC,8109 BAY PKWY,BROOKLYN,NY,11214,36,36047,Kings County,11,40.604438,-73.99087300000001,35620,"New York-Newark-Jersey City, NY-NJ",1,408,"New York-Newark, NY-NJ-CT-PA",3611,36047,36017,2023-2024
BB121549,BIAS TZIPORA GIRLS SCHOOL,1449 39TH ST,BROOKLYN,NY,11218,36,36047,Kings County,11,40.638690000000004,-73.982821,35620,"New York-Newark-Jersey City, NY-NJ",1,408,"New York-Newark, NY-NJ-CT-PA",3609,36044,36022,2023-2024
BB121551,GAN YISROEL,13 CHURCH AVE,BROOKLYN,NY,11218,36,36047,Kings County,11,40.64152,-73.98284100000001,35620,"New York-Newark-Jersey City, NY-NJ",1,408,"New York-Newark, NY-NJ-CT-PA",3609,36044,36017,2023-2024
BB121575,MESIVTA MEOR HATORAH,1069 38TH ST,BROOKLYN,NY,11219,36,36047,Kings County,11,40.64416,-73.990421,35620,"New York-Newark-Jersey City, NY-NJ",1,408,"New York-Newark, NY-NJ-CT-PA",3610,36051,36017,2023-2024
BB121617,HA'OR BEACON SCHOOL,2884 NOSTRAND AVE,BROOKLYN,NY,11229,36,36047,Kings County,11,40.613992,-73.94469000000001,35620,"New York-Newark-Jersey City, NY-NJ",1,408,"New York-Newark, NY-NJ-CT-PA",3609,36041,36022,2023-2024
BB121620,TALMUD TORAH OF BOBOV 45,5815 20TH AVE,BROOKLYN,NY,11204,36,36047,Kings County,11,40.620004,-73.98181600000001,35620,"New York-Newark-Jersey City, NY-NJ",1,408,"New York-Newark, NY-NJ-CT-PA",3609,36048,36022,2023-2024
BB140697,GERER YESHIVA MESIFTA,5407 16TH AVE,BROOKLYN,NY,11204,36,36047,Kings County,11,40.627990000000004,-73.98848100000001,35620,"New York-Newark-Jersey City, NY-NJ",1,408,"New York-Newark, NY-NJ-CT-PA",3609,36048,36022,2023-2024
BB140729,CONG. OHR SHRAGA DVERETZKY,1102 AVE L,BROOKLYN,NY,11230,36,36047,Kings County,11,40.619710000000005,-73.96386100000001,35620,"New York-Newark-Jersey City, NY-NJ",1,408,"New York-Newark, NY-NJ-CT-PA",3609,36048,36022,2023-2024
BB161689,YESHIVA TORAS EMMES KAMENITZ,1904 AVE N,BROOKLYN,NY,11230,36,36047,Kings County,11,40.615790000000004,-73.955391,35620,"New York-Newark-Jersey City, NY-NJ",1,408,"New York-Newark, NY-NJ-CT-PA",3609,36041,36022,2023-2024
BB161693,BETH CHANAS SCHOOL,712 BEDFORD AVE,BROOKLYN,NY,11206,36,36047,Kings County,11,40.69955,-73.957341,35620,"New York-Newark-Jersey City, NY-NJ",1,408,"New York-Newark, NY-NJ-CT-PA",3607,36050,36018,2023-2024
BB161723,ARISTA PREPARATORY ACADEMY,221 KINGSTON AVE,BROOKLYN,NY,11213,36,36047,Kings County,11,40.67264,-73.941601,35620,"New York-Newark-Jersey City, NY-NJ",1,408,"New York-Newark, NY-NJ-CT-PA",3609,36043,36020,2023-2024
BB161782,YESHIVA SHAARE TORAH,1680 CONEY ISLAND AVE,BRROKLYN,NY,11218,36,36047,Kings County,11,40.63903,-73.984161,35620,"New York-Newark-Jersey City, NY-NJ",1,408,"New York-Newark, NY-NJ-CT-PA",3609,36048,36022,2023-2024
BB161810,BAIS CHAYA ESTHER,1020 56TH ST,BROOKLYN,NY,11219,36,36047,Kings County,11,40.634570000000004,-74.002431,35620,"New York-Newark-Jersey City, NY-NJ",1,408,"New York-Newark, NY-NJ-CT-PA",3610,36048,36022,2023-2024
BB161847,YESHIVA TIFERES ELIMELECH,1650 56TH ST,BROOKLYN,NY,11204,36,36047,Kings County,11,40.626054,-73.988091,35620,"New York-Newark-Jersey City, NY-NJ",1,408,"New York-Newark, NY-NJ-CT-PA",3609,36048,36022,2023-2024
BB161863,BNOT CHAYA ACADEMY,2935 AVE  S,BROOKLYN,NY,11229,36,36047,Kings County,11,40.605246,-73.942448,35620,"New York-Newark-Jersey City, NY-NJ",1,408,"New York-Newark, NY-NJ-CT-PA",3609,36041,36022,2023-2024
BB161870,BETH RIVHAK SCHOOL,470 LEFFERTS AVE,BROOKLYN,NY,11225,36,36047,Kings County,11,40.662495,-73.945841,35620,"New York-Newark-Jersey City, NY-NJ",1,408,"New York-Newark, NY-NJ-CT-PA",3609,36043,36020,2023-2024
BB161871,BNOS CHOMESH,588 BROOKLYN AVE,BROOKLYN,NY,11203,36,36047,Kings County,11,40.659921000000004,-73.945521,35620,"New York-Newark-Jersey City, NY-NJ",1,408,"New York-Newark, NY-NJ-CT-PA",3609,36043,36020,2023-2024
BB161895,YESHIVA SHAARE TORAH INC,1680 CONEY ISLAND AVE,BROOKLYN,NY,11230,36,36047,Kings County,11,40.616361000000005,-73.963787,35620,"New York-Newark-Jersey City, NY-NJ",1,408,"New York-Newark, NY-NJ-CT-PA",3609,36048,36022,2023-2024
BB161917,TALMUD TORAH OHR MOSHE,1676 61ST ST,BROOKLYN,NY,11204,36,36047,Kings County,11,40.622971,-73.990692,35620,"New York-Newark-Jersey City, NY-NJ",1,408,"New York-Newark, NY-NJ-CT-PA",3609,36049,36022,2023-2024
BB161940,AL-NOOR SCHOOL,675 4TH AVE,BROOKLYN,NY,11232,36,36047,Kings County,11,40.662921000000004,-73.994989,35620,"New York-Newark-Jersey City, NY-NJ",1,408,"New York-Newark, NY-NJ-CT-PA",3610,36051,36026,2023-2024
BB161952,BARACKY NEW GENERATION DAYCARE,4906 AVE L,BROOKLYN,NY,11234,36,36047,Kings County,11,40.62335,-73.928071,35620,"New York-Newark-Jersey City, NY-NJ",1,408,"New York-Newark, NY-NJ-CT-PA",3608,36059,36021,2023-2024
BB161974,YESHIVA GEDOLAH OHR YISROEL,1265 E 108TH ST,BROOKLYN,NY,11236,36,36047,Kings County,11,40.64267,-73.88533100000001,35620,"New York-Newark-Jersey City, NY-NJ",1,408,"New York-Newark, NY-NJ-CT-PA",3608,36060,36019,2023-2024
BB201159,YESHIVA OF BROOKLYN,1470 OCEAN PKWY,BROOKLYN,NY,11230,36,36047,Kings County,11,40.612855,-73.96902800000001,35620,"New York-Newark-Jersey City, NY-NJ",1,408,"New York-Newark, NY-NJ-CT-PA",3609,36045,36022,2023-2024
BB201207,YESHIVA JESODE HATORAH WILSON,195 WILSON ST,BROOKLYN,NY,11211,36,36047,Kings County,11,40.70702,-73.960151,35620,"New York-Newark-Jersey City, NY-NJ",1,408,"New York-Newark, NY-NJ-CT-PA",3607,36050,36018,2023-2024
BB201214,EPIPHANY LUTHERAN ELEMENTARY SCHOOL,721 LINCOLN PL,BROOKLYN,NY,11216,36,36047,Kings County,11,40.671075,-73.952466,35620,"New York-Newark-Jersey City, NY-NJ",1,408,"New York-Newark, NY-NJ-CT-PA",3609,36043,36020,2023-2024
BB201219,GAN YISROEL,13 CHURCH AVE,BROOKLYN,NY,11218,36,36047,Kings County,11,40.641525,-73.982844,35620,"New York-Newark-Jersey City, NY-NJ",1,408,"New York-Newark, NY-NJ-CT-PA",3609,36044,36017,2023-2024
BB201239,ST BERNADETTE CATHOLIC ACADEMY,1313 83RD ST,BROOKLYN,NY,11228,36,36047,Kings County,11,40.615532,-74.011289,35620,"New York-Newark-Jersey City, NY-NJ",1,408,"New York-Newark, NY-NJ-CT-PA",3611,36046,36026,2023-2024
BB220459,YESHIVAT MEKOR HAIM,2611 AVE Z,BROOKLYN,NY,11235,36,36047,Kings County,11,40.589334,-73.943172,35620,"New York-Newark-Jersey City, NY-NJ",1,408,"New York-Newark, NY-NJ-CT-PA",3608,36041,36022,2023-2024
BB240245,LEARN & EXPLORE ACADEMY,1123 OCEAN VIEW AVE,BROOKLYN,NY,11235,36,36047,Kings County,11,40.579344,-73.955084,35620,"New York-Newark-Jersey City, NY-NJ",1,408,"New York-Newark, NY-NJ-CT-PA",3608,36045,36023,2023-2024
BB240250,"CONGREGATION MACHNA SHALVA, ELEMENTARY ON 20TH AVE",5815 20TH AVE,BROOKLYN,NY,11204,36,36047,Kings County,11,40.620051000000004,-73.981967,35620,"New York-Newark-Jersey City, NY-NJ",1,408,"New York-Newark, NY-NJ-CT-PA",3609,36048,36022,2023-2024
BB240263,BAIS YAAKOV OF 18TH AVENUE,4419 18TH AVE,BROOKLYN,NY,11204,36,36047,Kings County,11,40.630320000000005,-73.977723,35620,"New York-Newark-Jersey City, NY-NJ",1,408,"New York-Newark, NY-NJ-CT-PA",3609,36048,36022,2023-2024
BB240266,POLY PREP COUNTRY DAY SCHOOL,50 PROSPECT PARK W,BROOKLYN,NY,11215,36,36047,Kings County,11,40.669344,-73.973151,35620,"New York-Newark-Jersey City, NY-NJ",1,408,"New York-Newark, NY-NJ-CT-PA",3610,36052,36020,2023-2024
BB240268,SMITH STREET ARTS ET LETTRES,80 CLINTON ST,BROOKLYN,NY,11201,36,36047,Kings County,11,40.694181,-73.99269,35620,"New York-Newark-Jersey City, NY-NJ",1,408,"New York-Newark, NY-NJ-CT-PA",3610,36052,36026,2023-2024
BB240269,BETH RACHEL SCHOOL FOR GIRLS,227 MARCY AVE,BROOKLYN,NY,11211,36,36047,Kings County,11,40.706469,-73.95701,35620,"New York-Newark-Jersey City, NY-NJ",1,408,"New York-Newark, NY-NJ-CT-PA",3607,36050,36018,2023-2024
BB240271,BROOKLYN FREE SCHOOL,1360 FULTON ST,BROOKLYN,NY,11216,36,36047,Kings County,11,40.680063000000004,-73.946484,35620,"New York-Newark-Jersey City, NY-NJ",1,408,"New York-Newark, NY-NJ-CT-PA",3608,36056,36025,2023-2024
BB240276,THE CO-OP SCHOOL,644 GATES AVE,BROOKLYN,NY,11221,36,36047,Kings County,11,40.687407,-73.93932000000001,35620,"New York-Newark-Jersey City, NY-NJ",1,408,"New York-Newark, NY-NJ-CT-PA",3608,36056,36025,2023-2024
BB240281,EMUNAS BAIS YAAKOV,1462 62ND ST,BROOKLYN,NY,11219,36,36047,Kings County,11,40.625226000000005,-73.995822,35620,"New York-Newark-Jersey City, NY-NJ",1,408,"New York-Newark, NY-NJ-CT-PA",3609,36049,36017,2023-2024
BB240289,OUR LADY OF TRUST CATHOLIC ACADEMY,1696 CANARSIE RD,BROOKLYN,NY,11236,36,36047,Kings County,11,40.631463000000004,-73.890725,35620,"New York-Newark-Jersey City, NY-NJ",1,408,"New York-Newark, NY-NJ-CT-PA",3608,36059,36019,2023-2024
BB940402,GATEWAY CITY ACADEMY,257 BAY RIDGE AVE,BROOKLYN,NY,11220,36,36047,Kings County,11,40.636205000000004,-74.02677800000001,35620,"New York-Newark-Jersey City, NY-NJ",1,408,"New York-Newark, NY-NJ-CT-PA",3610,36064,36026,2023-2024
BB940407,SINAI ACADEMIC CENTER,2025 79TH ST,BROOKLYN,NY,11214,36,36047,Kings County,11,40.608253000000005,-73.993165,35620,"New York-Newark-Jersey City, NY-NJ",1,408,"New York-Newark, NY-NJ-CT-PA",3611,36047,36017,2023-2024
BB963333,PLYMOUTH CHURCH SCHOOL,75 HICKS ST,BROOKLYN,NY,11201,36,36047,Kings County,11,40.699335000000005,-73.993717,35620,"New York-Newark-Jersey City, NY-NJ",1,408,"New York-Newark, NY-NJ-CT-PA",3610,36052,36026,2023-2024
BB963538,YESHIVA VYELIPOL,860 E 27TH ST,BROOKLYN,NY,11210,36,36047,Kings County,11,40.629771,-73.950676,35620,"New York-Newark-Jersey City, NY-NJ",1,408,"New York-Newark, NY-NJ-CT-PA",3609,36042,36021,2023-2024
BB963611,UNITED LUBAVITCHER YESHIVOTH,885 EASTERN PKWY,BROOKLYN,NY,11213,36,36047,Kings County,11,40.6696,-73.938781,35620,"New York-Newark-Jersey City, NY-NJ",1,408,"New York-Newark, NY-NJ-CT-PA",3609,36043,36020,2023-2024
BB963666,CORTELYOU EARLY CHILDHOOD CENTER,2739 BEDFORD AVE,BROOKLYN,NY,11210,36,36047,Kings County,11,40.63603,-73.953141,35620,"New York-Newark-Jersey City, NY-NJ",1,408,"New York-Newark, NY-NJ-CT-PA",3609,36042,36021,2023-2024
BB963781,LITTLE ANGEL DAYCARE CENTER #3,12 CROWN ST,BROOKLYN,NY,11225,36,36047,Kings County,11,40.667271,-73.96081000000001,35620,"New York-Newark-Jersey City, NY-NJ",1,408,"New York-Newark, NY-NJ-CT-PA",3610,36057,36020,2023-2024
BB963838,MESIVTA HIGH SCHOOL,1585 CONEY ISLAND AVE,BROOKLYN,NY,11230,36,36047,Kings County,11,40.618773000000004,-73.963836,35620,"New York-Newark-Jersey City, NY-NJ",1,408,"New York-Newark, NY-NJ-CT-PA",3609,36048,36022,2023-2024
BB981072,MT MORIAH CHRISTIAN ACADEMY,1149 EASTERN PKWY,BROOKLYN,NY,11213,36,36047,Kings County,11,40.66913,-73.930161,35620,"New York-Newark-Jersey City, NY-NJ",1,408,"New York-Newark, NY-NJ-CT-PA",3609,36055,36020,2023-2024
BB981100,ST STANISLAUS KOSTKA CATHOLIC ACADEMY,12 NEWELL ST,BROOKLYN,NY,11222,36,36047,Kings County,11,40.723292,-73.94622700000001,35620,"New York-Newark-Jersey City, NY-NJ",1,408,"New York-Newark, NY-NJ-CT-PA",3607,36050,36059,2023-2024
00919486,ST MARK THE EVANGELIST SCHOOL,55 W 138TH ST,NEW YORK,NY,10037,36,36061,New York County,11,40.815715000000004,-73.93822800000001,35620,"New York-Newark-Jersey City, NY-NJ",1,408,"New York-Newark, NY-NJ-CT-PA",3613,36070,36030,2023-2024
00919588,ST VINCENT FERRER HIGH SCHOOL,151 E 65TH ST,NEW YORK,NY,10065,36,36061,New York County,11,40.765887,-73.964667,35620,"New York-Newark-Jersey City, NY-NJ",1,408,"New York-Newark, NY-NJ-CT-PA",3612,36073,36028,2023-2024
00919613,XAVIER HIGH SCHOOL,30 W 16TH ST,NEW YORK,NY,10011,36,36061,New York County,11,40.737898,-73.994549,35620,"New York-Newark-Jersey City, NY-NJ",1,408,"New York-Newark, NY-NJ-CT-PA",3610,36066,36028,2023-2024
00919828,ST GEORGE ACADEMY,215 E 6TH ST,NEW YORK,NY,10003,36,36061,New York County,11,40.728239,-73.98998300000001,35620,"New York-Newark-Jersey City, NY-NJ",1,408,"New York-Newark, NY-NJ-CT-PA",3610,36066,36027,2023-2024
00919883,ST ELIZABETH SCHOOL,612 W 187TH ST,NEW YORK,NY,10033,36,36061,New York County,11,40.85322,-73.931711,35620,"New York-Newark-Jersey City, NY-NJ",1,408,"New York-Newark, NY-NJ-CT-PA",3613,36072,36031,2023-2024
00919963,REGIS HIGH SCHOOL,55 E 84TH ST,NEW YORK,NY,10028,36,36061,New York County,11,40.779340000000005,-73.958991,35620,"New York-Newark-Jersey City, NY-NJ",1,408,"New York-Newark, NY-NJ-CT-PA",3612,36073,36028,2023-2024
00920017,NOTRE DAME SCHOOL,327 W 13TH ST,NEW YORK,NY,10014,36,36061,New York County,11,40.739845,-74.004377,35620,"New York-Newark-Jersey City, NY-NJ",1,408,"New York-Newark, NY-NJ-CT-PA",3610,36066,36047,2023-2024
00920072,INCARNATION SCHOOL,570 W 175TH ST,NEW YORK,NY,10033,36,36061,New York County,11,40.8449,-73.93606100000001,35620,"New York-Newark-Jersey City, NY-NJ",1,408,"New York-Newark, NY-NJ-CT-PA",3613,36072,36031,2023-2024
00921917,ACADEMY OF ST JOSEPH,111 WASHINGTON PL,NEW YORK,NY,10014,36,36061,New York County,11,40.732711,-74.00093700000001,35620,"New York-Newark-Jersey City, NY-NJ",1,408,"New York-Newark, NY-NJ-CT-PA",3610,36066,36027,2023-2024
00922455,MOUNT CARMEL-HOLY ROSARY SCHOOL,371 PLEASANT AVE,NEW YORK,NY,10035,36,36061,New York County,11,40.797479,-73.93177800000001,35620,"New York-Newark-Jersey City, NY-NJ",1,408,"New York-Newark, NY-NJ-CT-PA",3613,36068,36029,2023-2024
00922954,ST CHARLES BORROMEO SCHOOL,214 W 142ND ST,NEW YORK,NY,10030,36,36061,New York County,11,40.820100000000004,-73.94170100000001,35620,"New York-Newark-Jersey City, NY-NJ",1,408,"New York-Newark, NY-NJ-CT-PA",3613,36070,36030,2023-2024
00935216,FRIENDS SEMINARY,222 E 16TH ST,NEW YORK,NY,10003,36,36061,New York County,11,40.733968000000004,-73.98510300000001,35620,"New York-Newark-Jersey City, NY-NJ",1,408,"New York-Newark, NY-NJ-CT-PA",3612,36074,36059,2023-2024
00935227,ST LUKES SCHOOL,487 HUDSON ST 6,NEW YORK,NY,10014,36,36061,New York County,11,40.732598,-74.006718,35620,"New York-Newark-Jersey City, NY-NJ",1,408,"New York-Newark, NY-NJ-CT-PA",3610,36066,36027,2023-2024
00935963,YESHIVA UNIVERSITY HIGH SCHOOL,2540 AMSTERDAM AVE,NEW YORK,NY,10033,36,36061,New York County,11,40.851671,-73.928697,35620,"New York-Newark-Jersey City, NY-NJ",1,408,"New York-Newark, NY-NJ-CT-PA",3613,36072,36031,2023-2024
00936355,BETH JACOB PAROCHIAL SCHOOL,142 BROOME ST,NEW YORK,NY,10002,36,36061,New York County,11,40.716559000000004,-73.98425900000001,35620,"New York-Newark-Jersey City, NY-NJ",1,408,"New York-Newark, NY-NJ-CT-PA",3610,36065,36027,2023-2024
00937927,THE CATHEDRAL SCHOOL OF ST JOHN THE DIVINE,1047 AMSTERDAM AVE,NEW YORK,NY,10025,36,36061,New York County,11,40.802924000000004,-73.961124,35620,"New York-Newark-Jersey City, NY-NJ",1,408,"New York-Newark, NY-NJ-CT-PA",3613,36069,36030,2023-2024
00938002,MANHATTAN DAY SCHOOL,310 W 75TH ST,NEW YORK,NY,10023,36,36061,New York County,11,40.781991000000005,-73.984126,35620,"New York-Newark-Jersey City, NY-NJ",1,408,"New York-Newark, NY-NJ-CT-PA",3612,36067,36047,2023-2024
00938272,ALEXANDER ROBERTSON SCHOOL,3 W 95TH ST,NEW YORK,NY,10025,36,36061,New York County,11,40.79125,-73.965511,35620,"New York-Newark-Jersey City, NY-NJ",1,408,"New York-Newark, NY-NJ-CT-PA",3612,36069,36047,2023-2024
00938283,THE ALLEN-STEVENSON SCHOOL,132 E 78TH ST,NEW YORK,NY,10075,36,36061,New York County,11,40.77433,-73.959781,35620,"New York-Newark-Jersey City, NY-NJ",1,408,"New York-Newark, NY-NJ-CT-PA",3612,36073,36028,2023-2024
00938374,THE CHURCHILL SCHOOL & CENTER,301 E 29TH ST,NEW YORK,NY,10016,36,36061,New York County,11,40.74158,-73.977451,35620,"New York-Newark-Jersey City, NY-NJ",1,408,"New York-Newark, NY-NJ-CT-PA",3612,36074,36059,2023-2024
00939072,THE BUCKLEY SCHOOL,113 E 73RD ST,NEW YORK,NY,10021,36,36061,New York County,11,40.771639,-73.96247100000001,35620,"New York-Newark-Jersey City, NY-NJ",1,408,"New York-Newark, NY-NJ-CT-PA",3612,36073,36028,2023-2024
00939094,THE CHAPIN SCHOOL LTD,100 E END AVE,NEW YORK,NY,10028,36,36061,New York County,11,40.773971,-73.94586600000001,35620,"New York-Newark-Jersey City, NY-NJ",1,408,"New York-Newark, NY-NJ-CT-PA",3612,36076,36028,2023-2024
00939174,NIGHTINGALE-BAMFORD SCHOOL,20 E 92ND ST,NEW YORK,NY,10128,36,36061,New York County,11,40.78472,-73.95674100000001,35620,"New York-Newark-Jersey City, NY-NJ",1,408,"New York-Newark, NY-NJ-CT-PA",3612,36073,36028,2023-2024
00939298,BANK STREET SCHOOL FOR CHILDREN,610 W 112TH ST,NEW YORK,NY,10025,36,36061,New York County,11,40.80569,-73.966581,35620,"New York-Newark-Jersey City, NY-NJ",1,408,"New York-Newark, NY-NJ-CT-PA",3612,36069,36030,2023-2024
00939389,THE HEWITT SCHOOL,45 E 75TH ST,NEW YORK,NY,10021,36,36061,New York County,11,40.773608,-73.963115,35620,"New York-Newark-Jersey City, NY-NJ",1,408,"New York-Newark, NY-NJ-CT-PA",3612,36073,36028,2023-2024
00939491,THE BREARLEY SCHOOL,610 E 83RD ST,NEW YORK,NY,10028,36,36061,New York County,11,40.772534,-73.94550100000001,35620,"New York-Newark-Jersey City, NY-NJ",1,408,"New York-Newark, NY-NJ-CT-PA",3612,36076,36028,2023-2024
00939618,ST BERNARDS SCHOOL,4 E 98TH ST,NEW YORK,NY,10029,36,36061,New York County,11,40.788816000000004,-73.954206,35620,"New York-Newark-Jersey City, NY-NJ",1,408,"New York-Newark, NY-NJ-CT-PA",3612,36068,36029,2023-2024
00939651,THE BROWNING SCHOOL,52 E 62ND ST,NEW YORK,NY,10065,36,36061,New York County,11,40.764987000000005,-73.969205,35620,"New York-Newark-Jersey City, NY-NJ",1,408,"New York-Newark, NY-NJ-CT-PA",3612,36073,36028,2023-2024
00939695,THE TOWN SCHOOL,540 E 76TH ST,NEW YORK,NY,10021,36,36061,New York County,11,40.768415000000005,-73.949751,35620,"New York-Newark-Jersey City, NY-NJ",1,408,"New York-Newark, NY-NJ-CT-PA",3612,36076,36028,2023-2024
00939833,THE CAEDMON SCHOOL,416 E 80TH ST,NEW YORK,NY,10075,36,36061,New York County,11,40.772527000000004,-73.951368,35620,"New York-Newark-Jersey City, NY-NJ",1,408,"New York-Newark, NY-NJ-CT-PA",3612,36076,36028,2023-2024
00939979,COLUMBIA GRAMMAR & PREPARATORY SCHOOL,5 W 93RD ST,NEW YORK,NY,10025,36,36061,New York County,11,40.790256,-73.96681600000001,35620,"New York-Newark-Jersey City, NY-NJ",1,408,"New York-Newark, NY-NJ-CT-PA",3612,36069,36047,2023-2024
00940022,CORLEARS SCHOOL,324 W 15TH ST,NEW YORK,NY,10011,36,36061,New York County,11,40.740769,-74.003167,35620,"New York-Newark-Jersey City, NY-NJ",1,408,"New York-Newark, NY-NJ-CT-PA",3610,36066,36047,2023-2024
00940077,YORK PREP SCHOOL,40 W 68TH ST,NEW YORK,NY,10023,36,36061,New York County,11,40.774100000000004,-73.979451,35620,"New York-Newark-Jersey City, NY-NJ",1,408,"New York-Newark, NY-NJ-CT-PA",3612,36075,36047,2023-2024
00940612,LYCEE FRANCAIS DE NEW YORK,505 E 75TH ST,NEW YORK,NY,10021,36,36061,New York County,11,40.768717,-73.951651,35620,"New York-Newark-Jersey City, NY-NJ",1,408,"New York-Newark, NY-NJ-CT-PA",3612,36076,36028,2023-2024
00941092,RABBI ARTHUR SCHNEIER PARK EAST DAY SCHOOL,164 E 68TH ST,NEW YORK,NY,10065,36,36061,New York County,11,40.76738,-73.96319100000001,35620,"New York-Newark-Jersey City, NY-NJ",1,408,"New York-Newark, NY-NJ-CT-PA",3612,36073,36028,2023-2024
00941183,REECE SCHOOL,25 E 104TH ST,NEW YORK,NY,10029,36,36061,New York County,11,40.792733,-73.95094300000001,35620,"New York-Newark-Jersey City, NY-NJ",1,408,"New York-Newark, NY-NJ-CT-PA",3613,36068,36029,2023-2024
00941296,RODEPH SHOLOM SCHOOL,10 W 84TH ST,NEW YORK,NY,10024,36,36061,New York County,11,40.784201,-73.97118,35620,"New York-Newark-Jersey City, NY-NJ",1,408,"New York-Newark, NY-NJ-CT-PA",3612,36069,36047,2023-2024
00941729,DALTON SCHOOL,108 E 89TH ST,NEW YORK,NY,10128,36,36061,New York County,11,40.781637,-73.955029,35620,"New York-Newark-Jersey City, NY-NJ",1,408,"New York-Newark, NY-NJ-CT-PA",3612,36073,36028,2023-2024
00942052,THE BEEKMAN SCHOOL,220 E 50TH ST,NEW YORK,NY,10022,36,36061,New York County,11,40.755335,-73.970011,35620,"New York-Newark-Jersey City, NY-NJ",1,408,"New York-Newark, NY-NJ-CT-PA",3612,36073,36028,2023-2024
00942201,VILLAGE COMMUNITY SCHOOL,272 W 10TH ST,NEW YORK,NY,10014,36,36061,New York County,11,40.733360000000005,-74.00815200000001,35620,"New York-Newark-Jersey City, NY-NJ",1,408,"New York-Newark, NY-NJ-CT-PA",3610,36066,36027,2023-2024
00942722,TRINITY SCHOOL,139 W 91ST ST,NEW YORK,NY,10024,36,36061,New York County,11,40.790571,-73.971332,35620,"New York-Newark-Jersey City, NY-NJ",1,408,"New York-Newark, NY-NJ-CT-PA",3612,36069,36047,2023-2024
01607319,ST IGNATIUS LOYOLA SCHOOL,48 E 84TH ST,NEW YORK,NY,10028,36,36061,New York County,11,40.779154,-73.959267,35620,"New York-Newark-Jersey City, NY-NJ",1,408,"New York-Newark, NY-NJ-CT-PA",3612,36073,36028,2023-2024
02047364,MANHATTAN CHRISTIAN ACADEMY,401 W 205TH ST,NEW YORK,NY,10034,36,36061,New York County,11,40.862661,-73.91815700000001,35620,"New York-Newark-Jersey City, NY-NJ",1,408,"New York-Newark, NY-NJ-CT-PA",3613,36072,36031,2023-2024
A0107526,COOKE SCHOOL,1713 MADISON AVE,NEW YORK,NY,10029,36,36061,New York County,11,40.798354,-73.94579,35620,"New York-Newark-Jersey City, NY-NJ",1,408,"New York-Newark, NY-NJ-CT-PA",3613,36068,36030,2023-2024
A0302186,DWIGHT SCHOOL,291 CENTRAL PARK W,NEW YORK,NY,10024,36,36061,New York County,11,40.787526,-73.968159,35620,"New York-Newark-Jersey City, NY-NJ",1,408,"New York-Newark, NY-NJ-CT-PA",3612,36069,36047,2023-2024
A0502465,GEORGE JACKSON ACADEMY,104 SAINT MARKS PL,NEW YORK,NY,10009,36,36061,New York County,11,40.727104000000004,-73.984554,35620,"New York-Newark-Jersey City, NY-NJ",1,408,"New York-Newark, NY-NJ-CT-PA",3610,36074,36027,2023-2024
A0502504,THE KESWELL SCHOOL,219 STANTON ST,NEW YORK,NY,10002,36,36061,New York County,11,40.719381,-73.98222200000001,35620,"New York-Newark-Jersey City, NY-NJ",1,408,"New York-Newark, NY-NJ-CT-PA",3610,36065,36027,2023-2024
A0502577,THE SCHOOL AT COLUMBIA UNIVERSITY,556 W 110TH ST,NEW YORK,NY,10025,36,36061,New York County,11,40.803797,-73.966393,35620,"New York-Newark-Jersey City, NY-NJ",1,408,"New York-Newark, NY-NJ-CT-PA",3613,36069,36030,2023-2024
A0502592,WEST END DAY SCHOOL,255 W 71ST ST,NEW YORK,NY,10023,36,36061,New York County,11,40.778916,-73.983952,35620,"New York-Newark-Jersey City, NY-NJ",1,408,"New York-Newark, NY-NJ-CT-PA",3612,36067,36047,2023-2024
A0502613,YESHIVA RABBI SAMSON RAPHAEL HIRSCH,85 BENNETT AVE # 93,NEW YORK,NY,10033,36,36061,New York County,11,40.853283000000005,-73.934944,35620,"New York-Newark-Jersey City, NY-NJ",1,408,"New York-Newark, NY-NJ-CT-PA",3613,36072,36031,2023-2024
A0701603,CRISTO REY NEW YORK HIGH SCHOOL,112 E 106TH ST FRNT,NEW YORK,NY,10029,36,36061,New York County,11,40.79254,-73.94738100000001,35620,"New York-Newark-Jersey City, NY-NJ",1,408,"New York-Newark, NY-NJ-CT-PA",3613,36068,36029,2023-2024
A0701621,HARLEM ACADEMY,655 ST NICHOLAS AVE,NEW YORK,NY,10030,36,36061,New York County,11,40.822785,-73.945593,35620,"New York-Newark-Jersey City, NY-NJ",1,408,"New York-Newark, NY-NJ-CT-PA",3613,36070,36030,2023-2024
A0701711,THE IDEAL SCHOOL OF MANHATTAN,5 HANOVER SQ,NEW YORK,NY,10004,36,36061,New York County,11,40.704957,-74.009133,35620,"New York-Newark-Jersey City, NY-NJ",1,408,"New York-Newark, NY-NJ-CT-PA",3610,36065,36027,2023-2024
A0740098,THE GATEWAY SCHOOL,211 W 61ST ST FL 602,NEW YORK,NY,10023,36,36061,New York County,11,40.772330000000004,-73.987661,35620,"New York-Newark-Jersey City, NY-NJ",1,408,"New York-Newark, NY-NJ-CT-PA",3612,36067,36047,2023-2024
A0740102,MARYMOUNT SCHOOL OF NY,1026 5TH AVE,NEW YORK,NY,10028,36,36061,New York County,11,40.779952,-73.961295,35620,"New York-Newark-Jersey City, NY-NJ",1,408,"New York-Newark, NY-NJ-CT-PA",3612,36073,36028,2023-2024
A0902269,BRITISH INTERNATIONAL SCHOOL OF NY,20 WATERSIDE PLZ LBBY 1,NEW YORK,NY,10010,36,36061,New York County,11,40.736897,-73.972869,35620,"New York-Newark-Jersey City, NY-NJ",1,408,"New York-Newark, NY-NJ-CT-PA",3612,36074,36059,2023-2024
A0902294,GILLEN BREWER SCHOOL,410 E 92ND ST FRNT 3,NEW YORK,NY,10128,36,36061,New York County,11,40.780222,-73.945914,35620,"New York-Newark-Jersey City, NY-NJ",1,408,"New York-Newark, NY-NJ-CT-PA",3612,36076,36029,2023-2024
A0902318,THE KINGS ACADEMY OF THE TRUE CHURCH OF GOD,2345 3RD AVE,NEW YORK,NY,10035,36,36061,New York County,11,40.805399,-73.934348,35620,"New York-Newark-Jersey City, NY-NJ",1,408,"New York-Newark, NY-NJ-CT-PA",3613,36068,36030,2023-2024
A0902362,REBECCA SCHOOL,40 E 30TH ST,NEW YORK,NY,10016,36,36061,New York County,11,40.744774,-73.983918,35620,"New York-Newark-Jersey City, NY-NJ",1,408,"New York-Newark, NY-NJ-CT-PA",3612,36074,36028,2023-2024
A1101658,THE ECOLE,111 E 22ND ST FL 3,NEW YORK,NY,10010,36,36061,New York County,11,40.739345,-73.98611600000001,35620,"New York-Newark-Jersey City, NY-NJ",1,408,"New York-Newark, NY-NJ-CT-PA",3612,36074,36059,2023-2024
A1101727,THE LANG SCHOOL,26 BROADWAY,NEW YORK,NY,10004,36,36061,New York County,11,40.705637,-74.012933,35620,"New York-Newark-Jersey City, NY-NJ",1,408,"New York-Newark, NY-NJ-CT-PA",3610,36061,36027,2023-2024
A1101731,THE SPEYER LEGACY SCHOOL,925 9TH AVE,NEW YORK,NY,10019,36,36061,New York County,11,40.76919,-73.985231,35620,"New York-Newark-Jersey City, NY-NJ",1,408,"New York-Newark, NY-NJ-CT-PA",3612,36067,36047,2023-2024
A1101740,NORD ANGLIA INTERNATIONAL SCHOOL,44 E 2ND ST,NEW YORK,NY,10003,36,36061,New York County,11,40.724932,-73.9896,35620,"New York-Newark-Jersey City, NY-NJ",1,408,"New York-Newark, NY-NJ-CT-PA",3610,36066,36027,2023-2024
A1302045,DOMINICAN ACADEMY,44 E 68TH ST,NEW YORK,NY,10065,36,36061,New York County,11,40.768771,-73.966508,35620,"New York-Newark-Jersey City, NY-NJ",1,408,"New York-Newark, NY-NJ-CT-PA",3612,36073,36028,2023-2024
A1302084,MANHATTAN COUNTRY SCHOOL,150 W 85TH ST,NEW YORK,NY,10024,36,36061,New York County,11,40.786512,-73.974624,35620,"New York-Newark-Jersey City, NY-NJ",1,408,"New York-Newark, NY-NJ-CT-PA",3612,36069,36047,2023-2024
A1502519,ISLAMIC CULTURAL CENTER SCHOOL,222 E 97TH ST,NEW YORK,NY,10029,36,36061,New York County,11,40.785448,-73.948584,35620,"New York-Newark-Jersey City, NY-NJ",1,408,"New York-Newark, NY-NJ-CT-PA",3612,36068,36029,2023-2024
A1502531,MANHATTAN CHILDREN'S CENTER (THE),111 W 92ND ST,NEW YORK,NY,10025,36,36061,New York County,11,40.790704,-73.969975,35620,"New York-Newark-Jersey City, NY-NJ",1,408,"New York-Newark, NY-NJ-CT-PA",3612,36069,36047,2023-2024
A1502585,SHEFA SCHOOL,40 E 29TH ST,NEW YORK,NY,10016,36,36061,New York County,11,40.744084,-73.98446700000001,35620,"New York-Newark-Jersey City, NY-NJ",1,408,"New York-Newark, NY-NJ-CT-PA",3612,36074,36028,2023-2024
A1502611,THE BIRCH WATHEN LENOX SCHOOL,210 E 77TH ST,NEW YORK,NY,10075,36,36061,New York County,11,40.77248,-73.95768100000001,35620,"New York-Newark-Jersey City, NY-NJ",1,408,"New York-Newark, NY-NJ-CT-PA",3612,36076,36028,2023-2024
A1702618,MANHATTAN STAR ACADEMY,180 AMSTERDAM AVE,NEW YORK,NY,10023,36,36061,New York County,11,40.77641,-73.983641,35620,"New York-Newark-Jersey City, NY-NJ",1,408,"New York-Newark, NY-NJ-CT-PA",3612,36067,36047,2023-2024
A1902951,AARON SCHOOL K - 12,42 E 30TH ST,NEW YORK,NY,10016,36,36061,New York County,11,40.744774,-73.983918,35620,"New York-Newark-Jersey City, NY-NJ",1,408,"New York-Newark, NY-NJ-CT-PA",3612,36074,36028,2023-2024
A1903082,MESIVTA TIFERETH JERUSALEM,145 E BROADWAY,NEW YORK,NY,10002,36,36061,New York County,11,40.713842,-73.991297,35620,"New York-Newark-Jersey City, NY-NJ",1,408,"New York-Newark, NY-NJ-CT-PA",3610,36065,36027,2023-2024
A1903101,OLIVET ACADEMY,6 BARCLAY ST FL 2,NEW YORK,NY,10007,36,36061,New York County,11,40.712250000000004,-74.008921,35620,"New York-Newark-Jersey City, NY-NJ",1,408,"New York-Newark, NY-NJ-CT-PA",3610,36066,36027,2023-2024
A1903113,PROFESSIONAL CHILDRENS SCHOOL,132 W 60TH ST,NEW YORK,NY,10023,36,36061,New York County,11,40.77046,-73.98602100000001,35620,"New York-Newark-Jersey City, NY-NJ",1,408,"New York-Newark, NY-NJ-CT-PA",3612,36067,36047,2023-2024
A1903117,RUDOLF STEINER SCHOOL,15 E 79TH ST,NEW YORK,NY,10075,36,36061,New York County,11,40.776924,-73.962761,35620,"New York-Newark-Jersey City, NY-NJ",1,408,"New York-Newark, NY-NJ-CT-PA",3612,36073,36028,2023-2024
A1903166,THE GENEVA SCHOOL OF MANHATTAN,138 W 90TH ST,NEW YORK,NY,10024,36,36061,New York County,11,40.789752,-73.972305,35620,"New York-Newark-Jersey City, NY-NJ",1,408,"New York-Newark, NY-NJ-CT-PA",3612,36069,36047,2023-2024
A1903207,WINDWARD SCHOOL THE - NYC,205 E 92ND ST,NEW YORK,NY,10128,36,36061,New York County,11,40.782918,-73.950312,35620,"New York-Newark-Jersey City, NY-NJ",1,408,"New York-Newark, NY-NJ-CT-PA",3612,36068,36029,2023-2024
A1990549,BATTERY PARK MONTESSORI,21 S END AVE,NEW YORK,NY,10280,36,36061,New York County,11,40.70819,-74.017791,35620,"New York-Newark-Jersey City, NY-NJ",1,408,"New York-Newark, NY-NJ-CT-PA",3610,36061,36027,2023-2024
A1990581,THE CHILD SCHOOL - LEGACY HIGH SCHOOL,587 MAIN ST,ROOSEVELT ISLAND,NY,10044,36,36061,New York County,11,40.763134,-73.949962,35620,"New York-Newark-Jersey City, NY-NJ",1,408,"New York-Newark, NY-NJ-CT-PA",3612,36076,36028,2023-2024
A2102562,CHILDREN'S ACADEMY,317 E 50TH ST,NEW YORK,NY,10022,36,36061,New York County,11,40.754763000000004,-73.967513,35620,"New York-Newark-Jersey City, NY-NJ",1,408,"New York-Newark, NY-NJ-CT-PA",3612,36073,36028,2023-2024
A2102584,DALTON SCHOOL,53 E 91ST ST,NEW YORK,NY,10128,36,36061,New York County,11,40.783995000000004,-73.955786,35620,"New York-Newark-Jersey City, NY-NJ",1,408,"New York-Newark, NY-NJ-CT-PA",3612,36073,36028,2023-2024
A2102614,GRACE CHURCH HIGH SCHOOL,46 COOPER SQ,NEW YORK,NY,10003,36,36061,New York County,11,40.728746,-73.99141300000001,35620,"New York-Newark-Jersey City, NY-NJ",1,408,"New York-Newark, NY-NJ-CT-PA",3610,36066,36027,2023-2024
A2102772,THE TITUS SCHOOL,90 JOHN ST,NEW YORK,NY,10038,36,36061,New York County,11,40.707909,-74.00649200000001,35620,"New York-Newark-Jersey City, NY-NJ",1,408,"New York-Newark, NY-NJ-CT-PA",3610,36065,36027,2023-2024
A2102787,WINCHENDON SCHOOL-NYC,45 W 34TH ST,NEW YORK,NY,10001,36,36061,New York County,11,40.749782,-73.986932,35620,"New York-Newark-Jersey City, NY-NJ",1,408,"New York-Newark, NY-NJ-CT-PA",3612,36075,36028,2023-2024
A2190575,GERMAN SCHOOL MANHATTAN,74 WARREN ST FRNT A,NEW YORK,NY,10007,36,36061,New York County,11,40.715309000000005,-74.009997,35620,"New York-Newark-Jersey City, NY-NJ",1,408,"New York-Newark, NY-NJ-CT-PA",3610,36066,36027,2023-2024
A2190577,GUIDEPOST MONTESSORI COLUMBUS SQUARE,775 D COLUMBUS AVE,NEW YORK,NY,10025,36,36061,New York County,11,40.793823,-73.966464,35620,"New York-Newark-Jersey City, NY-NJ",1,408,"New York-Newark, NY-NJ-CT-PA",3612,36069,36047,2023-2024
A2192994,ST GEORGE ACADEMY,215 E 6TH ST,NEW YORK,NY,10003,36,36061,New York County,11,40.728239,-73.98998300000001,35620,"New York-Newark-Jersey City, NY-NJ",1,408,"New York-Newark, NY-NJ-CT-PA",3610,36066,36027,2023-2024
A2192998,LYCEUM KENNEDY  INTERNATIONAL SCHOOL,225 E 43RD ST FL 4,NEW YORK,NY,10017,36,36061,New York County,11,40.75103,-73.97241100000001,35620,"New York-Newark-Jersey City, NY-NJ",1,408,"New York-Newark, NY-NJ-CT-PA",3612,36073,36059,2023-2024
A2301706,THE IDEAL SCHOOL OF MANHATTAN,5 HANOVER SQ,NEW YORK,NY,10004,36,36061,New York County,11,40.704957,-74.009133,35620,"New York-Newark-Jersey City, NY-NJ",1,408,"New York-Newark, NY-NJ-CT-PA",3610,36065,36027,2023-2024
A2301755,THE SHIRLY ANINIAS SCHOOL,291 BROADWAY STE 203,NEW YORK,NY,10007,36,36061,New York County,11,40.714893000000004,-74.00590700000001,35620,"New York-Newark-Jersey City, NY-NJ",1,408,"New York-Newark, NY-NJ-CT-PA",3610,36066,36027,2023-2024
A2370856,BASIS INDEPENDENT MANHATTAN-UPPER SCHOOL,556 W 22ND ST,NEW YORK,NY,10011,36,36061,New York County,11,40.748013,-74.007248,35620,"New York-Newark-Jersey City, NY-NJ",1,408,"New York-Newark, NY-NJ-CT-PA",3612,36075,36047,2023-2024
A2370864,EPISCOPAL SCHOOL IN THE CITY OF NEW YORK,35 E 69TH ST,NEW YORK,NY,10021,36,36061,New York County,11,40.769532,-73.965834,35620,"New York-Newark-Jersey City, NY-NJ",1,408,"New York-Newark, NY-NJ-CT-PA",3612,36073,36028,2023-2024
A2370887,SPENCE SCHOOL,22 E 91ST ST,NEW YORK,NY,10128,36,36061,New York County,11,40.784256,-73.957235,35620,"New York-Newark-Jersey City, NY-NJ",1,408,"New York-Newark, NY-NJ-CT-PA",3612,36073,36028,2023-2024
A2370892,ST DAVIDS SCHOOL,12 E 89TH ST,NEW YORK,NY,10128,36,36061,New York County,11,40.783032,-73.958229,35620,"New York-Newark-Jersey City, NY-NJ",1,408,"New York-Newark, NY-NJ-CT-PA",3612,36073,36028,2023-2024
A2370902,WINSTON PREPARATORY SCHOOL (TRANSITIONS),240 MADISON AVE 5TH FL,NEW YORK,NY,10016,36,36061,New York County,11,40.749993,-73.981517,35620,"New York-Newark-Jersey City, NY-NJ",1,408,"New York-Newark, NY-NJ-CT-PA",3612,36073,36028,2023-2024
A9104782,DE LA SALLE ACADEMY,332 W 43RD ST,NEW YORK,NY,10036,36,36061,New York County,11,40.758484,-73.990909,35620,"New York-Newark-Jersey City, NY-NJ",1,408,"New York-Newark, NY-NJ-CT-PA",3612,36075,36047,2023-2024
A9104809,FELLOWSHIP OF LEARNING SCHOOL,9 W 130TH ST,NEW YORK,NY,10037,36,36061,New York County,11,40.810197,-73.94067700000001,35620,"New York-Newark-Jersey City, NY-NJ",1,408,"New York-Newark, NY-NJ-CT-PA",3613,36070,36030,2023-2024
A9104914,MESIVTA RABBI SAMSON RAPHAEL HIRSCH,220 BENNETT AVE,NEW YORK,NY,10040,36,36061,New York County,11,40.857197,-73.933732,35620,"New York-Newark-Jersey City, NY-NJ",1,408,"New York-Newark, NY-NJ-CT-PA",3613,36071,36031,2023-2024
A9104974,THE PARKSIDE SCHOOL,48 W 74TH ST,NEW YORK,NY,10023,36,36061,New York County,11,40.778353,-73.97731900000001,35620,"New York-Newark-Jersey City, NY-NJ",1,408,"New York-Newark, NY-NJ-CT-PA",3612,36067,36047,2023-2024
A9105054,THE STUDIO SCHOOL,117 W 95TH ST,NEW YORK,NY,10025,36,36061,New York County,11,40.792719,-73.968697,35620,"New York-Newark-Jersey City, NY-NJ",1,408,"New York-Newark, NY-NJ-CT-PA",3612,36069,36047,2023-2024
A9303747,LA SCUOLA D'ITALIA,12 E 96TH ST,NEW YORK,NY,10128,36,36061,New York County,11,40.78728,-73.955031,35620,"New York-Newark-Jersey City, NY-NJ",1,408,"New York-Newark, NY-NJ-CT-PA",3612,36068,36028,2023-2024
A9303881,BEIT RABBAN DAY SCHOOL,270 W 89TH ST,NEW YORK,NY,10024,36,36061,New York County,11,40.790459,-73.97596,35620,"New York-Newark-Jersey City, NY-NJ",1,408,"New York-Newark, NY-NJ-CT-PA",3612,36067,36047,2023-2024
A9502938,CORNELIA CONNELLY CENTER,220 E 4TH ST,NEW YORK,NY,10009,36,36061,New York County,11,40.723515,-73.983514,35620,"New York-Newark-Jersey City, NY-NJ",1,408,"New York-Newark, NY-NJ-CT-PA",3610,36065,36027,2023-2024
A9502997,MANHATTAN HIGH SCHOOL FOR GIRLS,154 E 70TH ST,NEW YORK,NY,10021,36,36061,New York County,11,40.768773,-73.962869,35620,"New York-Newark-Jersey City, NY-NJ",1,408,"New York-Newark, NY-NJ-CT-PA",3612,36073,36028,2023-2024
A9702381,EAST HARLEM SCHOOL AT EXODUS HOUSE,309 E 103RD ST,NEW YORK,NY,10029,36,36061,New York County,11,40.788556,-73.94313,35620,"New York-Newark-Jersey City, NY-NJ",1,408,"New York-Newark, NY-NJ-CT-PA",3613,36068,36029,2023-2024
BB162042,THE ATLAS SCHOOL,252 W 29TH ST FL 3,NEW YORK,NY,10001,36,36061,New York County,11,40.748723,-73.995301,35620,"New York-Newark-Jersey City, NY-NJ",1,408,"New York-Newark, NY-NJ-CT-PA",3612,36075,36028,2023-2024
BB162050,LASALLE ACADEMY,215 E 6TH ST,NEW YORK,NY,10003,36,36061,New York County,11,40.728239,-73.98998300000001,35620,"New York-Newark-Jersey City, NY-NJ",1,408,"New York-Newark, NY-NJ-CT-PA",3610,36066,36027,2023-2024
BB162083,MONTESSORI SCHOOL OF NY,347 E 55TH ST,NEW YORK,NY,10022,36,36061,New York County,11,40.757429,-73.96440100000001,35620,"New York-Newark-Jersey City, NY-NJ",1,408,"New York-Newark, NY-NJ-CT-PA",3612,36073,36028,2023-2024
BB162091,DWIGHT SCHOOL,18 W 89TH ST,NEW YORK,NY,10024,36,36061,New York County,11,40.78745,-73.96874,35620,"New York-Newark-Jersey City, NY-NJ",1,408,"New York-Newark, NY-NJ-CT-PA",3612,36069,36047,2023-2024
BB162104,SOLOMON SCHECHTER SCHOOL OF MANHATTAN,805 COLUMBUS AVE,NEW YORK,NY,10025,36,36061,New York County,11,40.79499,-73.965641,35620,"New York-Newark-Jersey City, NY-NJ",1,408,"New York-Newark, NY-NJ-CT-PA",3612,36069,36047,2023-2024
BB162138,TRANSFIGURATION SCHOOL,29 MOTT ST,NEW YORK,NY,10013,36,36061,New York County,11,40.714803,-73.99904000000001,35620,"New York-Newark-Jersey City, NY-NJ",1,408,"New York-Newark, NY-NJ-CT-PA",3610,36065,36027,2023-2024
BB162142,LASCUOLA DITALIA NEW YORK,12 E 96TH ST,NEW YORK,NY,10128,36,36061,New York County,11,40.78728,-73.955031,35620,"New York-Newark-Jersey City, NY-NJ",1,408,"New York-Newark, NY-NJ-CT-PA",3612,36068,36028,2023-2024
BB162143,HUDSONWAY IMMERSION SCHOOL,525 W 52ND ST,NEW YORK,NY,10019,36,36061,New York County,11,40.766738000000004,-73.992093,35620,"New York-Newark-Jersey City, NY-NJ",1,408,"New York-Newark, NY-NJ-CT-PA",3612,36067,36047,2023-2024
BB162147,THE BREARLEY SCHOOL,610 E 83RD ST,NEW YORK,NY,10028,36,36061,New York County,11,40.772534,-73.94550100000001,35620,"New York-Newark-Jersey City, NY-NJ",1,408,"New York-Newark, NY-NJ-CT-PA",3612,36076,36028,2023-2024
BB162151,SPENCE SCHOOL,22 E 91ST ST,NEW YORK,NY,10128,36,36061,New York County,11,40.784125,-73.957069,35620,"New York-Newark-Jersey City, NY-NJ",1,408,"New York-Newark, NY-NJ-CT-PA",3612,36073,36028,2023-2024
BB240243,GUIDEPOST MONTESSORI AT EAST VILLAGE,1 AVE B,NEW YORK,NY,10009,36,36061,New York County,11,40.721634,-73.983573,35620,"New York-Newark-Jersey City, NY-NJ",1,408,"New York-Newark, NY-NJ-CT-PA",3610,36065,36027,2023-2024
X0938239,CALHOUN SCHOOL,433 W END AVE,NEW YORK,NY,10024,36,36061,New York County,11,40.785676,-73.980613,35620,"New York-Newark-Jersey City, NY-NJ",1,408,"New York-Newark, NY-NJ-CT-PA",3612,36067,36047,2023-2024
00924871,OUR LADY OF SORROWS CATHOLIC ACADEMY,3534 105TH ST,CORONA,NY,11368,36,36081,Queens County,11,40.754220000000004,-73.86329500000001,35620,"New York-Newark-Jersey City, NY-NJ",1,408,"New York-Newark, NY-NJ-CT-PA",3614,36035,36013,2023-2024
00924882,ST LEO CATHOLIC ACADEMY,10419 49TH AVE,CORONA,NY,11368,36,36081,Queens County,11,40.744902,-73.858304,35620,"New York-Newark-Jersey City, NY-NJ",1,408,"New York-Newark, NY-NJ-CT-PA",3614,36039,36013,2023-2024
00924893,DIVINE WISDOM CATHOLIC ACADEMY,4511 245TH ST,DOUGLASTON,NY,11362,36,36081,Queens County,11,40.765172,-73.740358,35620,"New York-Newark-Jersey City, NY-NJ",1,408,"New York-Newark, NY-NJ-CT-PA",3603,36026,36011,2023-2024
00924951,ST ADALBERT CATHOLIC ACADEMY,5217 83RD ST,ELMHURST,NY,11373,36,36081,Queens County,11,40.732711,-73.883353,35620,"New York-Newark-Jersey City, NY-NJ",1,408,"New York-Newark, NY-NJ-CT-PA",3606,36030,36012,2023-2024
00924984,HOLY FAMILY CATHOLIC ACADEMY,7415 175TH ST,FRESH MEADOWS,NY,11366,36,36081,Queens County,11,40.728586,-73.794578,35620,"New York-Newark-Jersey City, NY-NJ",1,408,"New York-Newark, NY-NJ-CT-PA",3606,36025,36016,2023-2024
00925015,ST ANDREW AVELLINO CATHOLIC ACADEMY,3550 158TH ST,FLUSHING,NY,11358,36,36081,Queens County,11,40.764964,-73.807576,35620,"New York-Newark-Jersey City, NY-NJ",1,408,"New York-Newark, NY-NJ-CT-PA",3606,36040,36016,2023-2024
00925081,OUR LADY OF MERCY  CATHOLIC ACADEMY,7025 KESSEL ST,FLUSHING,NY,11375,36,36081,Queens County,11,40.714132,-73.85037,35620,"New York-Newark-Jersey City, NY-NJ",1,408,"New York-Newark, NY-NJ-CT-PA",3606,36028,36014,2023-2024
00925092,OUR LADY QUEEN OF MARTYRS CATHOLIC ACADEMY,7255 AUSTIN ST,FOREST HILLS,NY,11375,36,36081,Queens County,11,40.718877,-73.840701,35620,"New York-Newark-Jersey City, NY-NJ",1,408,"New York-Newark, NY-NJ-CT-PA",3606,36028,36014,2023-2024
00925106,ST FRANCIS PREP,6100 FRANCIS LEWIS BLVD,FRESH MEADOWS,NY,11365,36,36081,Queens County,11,40.742565,-73.775998,35620,"New York-Newark-Jersey City, NY-NJ",1,408,"New York-Newark, NY-NJ-CT-PA",3606,36025,36016,2023-2024
00925117,SACRED HEART CATHOLIC ACADEMY,84-05 78TH AVE,GLENDALE,NY,11385,36,36081,Queens County,11,40.705877,-73.864827,35620,"New York-Newark-Jersey City, NY-NJ",1,408,"New York-Newark, NY-NJ-CT-PA",3607,36028,36015,2023-2024
00925172,ST HELEN CATHOLIC ACADEMY,8309 157TH AVE,HOWARD BEACH,NY,11414,36,36081,Queens County,11,40.661458,-73.849787,35620,"New York-Newark-Jersey City, NY-NJ",1,408,"New York-Newark, NY-NJ-CT-PA",3605,36023,36019,2023-2024
00925194,OUR LADY OF FATIMA SCHOOL,2538 80TH ST,EAST ELMHURST,NY,11370,36,36081,Queens County,11,40.761614,-73.88867,35620,"New York-Newark-Jersey City, NY-NJ",1,408,"New York-Newark, NY-NJ-CT-PA",3614,36034,36013,2023-2024
00925208,ST JOAN OF ARC ELEMENTARY SCHOOL,3527 82ND ST,JACKSON HEIGHTS,NY,11372,36,36081,Queens County,11,40.751253,-73.884399,35620,"New York-Newark-Jersey City, NY-NJ",1,408,"New York-Newark, NY-NJ-CT-PA",3606,36039,36013,2023-2024
00925241,IMMACULATE CONCEPTION CATHOLIC ACADEMY,17914 DALNY RD,JAMAICA,NY,11432,36,36081,Queens County,11,40.715918,-73.784998,35620,"New York-Newark-Jersey City, NY-NJ",1,408,"New York-Newark, NY-NJ-CT-PA",3605,36024,36011,2023-2024
00925296,THE MARY LOUIS ACADEMY,17621 WEXFORD TER,JAMAICA,NY,11432,36,36081,Queens County,11,40.713261,-73.786569,35620,"New York-Newark-Jersey City, NY-NJ",1,408,"New York-Newark, NY-NJ-CT-PA",3605,36024,36011,2023-2024
00925354,ST JOSEPH CATHOLIC ACADEMY,2846 44TH ST,LONG ISLAND CITY,NY,11103,36,36081,Queens County,11,40.763124000000005,-73.91152600000001,35620,"New York-Newark-Jersey City, NY-NJ",1,408,"New York-Newark, NY-NJ-CT-PA",3614,36034,36012,2023-2024
00925412,ST STANISLAUS KOSTKA CATHOLIC ACADEMY OF QUEENS,6117 GRAND AVE,MASPETH,NY,11378,36,36081,Queens County,11,40.722352,-73.90375900000001,35620,"New York-Newark-Jersey City, NY-NJ",1,408,"New York-Newark, NY-NJ-CT-PA",3606,36037,36012,2023-2024
00925423,CHRIST THE KING HIGH SCHOOL,6802 METROPOLITAN AVE,MIDDLE VILLAGE,NY,11379,36,36081,Queens County,11,40.710719000000005,-73.88845500000001,35620,"New York-Newark-Jersey City, NY-NJ",1,408,"New York-Newark, NY-NJ-CT-PA",3607,36028,36015,2023-2024
00925445,ST MARGARET CATHOLIC ACADEMY,6610 80TH ST,MIDDLE VILLAGE,NY,11379,36,36081,Queens County,11,40.715775,-73.872664,35620,"New York-Newark-Jersey City, NY-NJ",1,408,"New York-Newark, NY-NJ-CT-PA",3606,36028,36015,2023-2024
00925467,DIVINE MERCY CATHOLIC ACADEMY,10160 92ND ST,OZONE PARK,NY,11416,36,36081,Queens County,11,40.681923000000005,-73.847956,35620,"New York-Newark-Jersey City, NY-NJ",1,408,"New York-Newark, NY-NJ-CT-PA",3605,36023,36015,2023-2024
00925547,SS JOACHIM & ANNE SCHOOL,21819 105TH AVE,QUEENS VILLAGE,NY,11429,36,36081,Queens County,11,40.71215,-73.738856,35620,"New York-Newark-Jersey City, NY-NJ",1,408,"New York-Newark, NY-NJ-CT-PA",3605,36033,36014,2023-2024
00925569,RESURRECTION ASCENSION CATHOLIC ACADEMY,8525 61ST RD,REGO PARK,NY,11374,36,36081,Queens County,11,40.728333,-73.87203000000001,35620,"New York-Newark-Jersey City, NY-NJ",1,408,"New York-Newark, NY-NJ-CT-PA",3606,36039,36015,2023-2024
00925649,ST MATTHIAS CATHOLIC ACADEMY,5825 CATALPA AVE,RIDGEWOOD,NY,11385,36,36081,Queens County,11,40.702304,-73.90223300000001,35620,"New York-Newark-Jersey City, NY-NJ",1,408,"New York-Newark, NY-NJ-CT-PA",3607,36037,36012,2023-2024
00925707,ST CLARE CATHOLIC ACADEMY,13725 BROOKVILLE BLVD,ROSEDALE,NY,11422,36,36081,Queens County,11,40.669001,-73.736266,35620,"New York-Newark-Jersey City, NY-NJ",1,408,"New York-Newark, NY-NJ-CT-PA",3605,36029,36014,2023-2024
00925729,OUR LADY OF PERPETUAL HELP CATHOLIC ACADEMY,11110 115TH ST,SOUTH OZONE PARK,NY,11420,36,36081,Queens County,11,40.678969,-73.824837,35620,"New York-Newark-Jersey City, NY-NJ",1,408,"New York-Newark, NY-NJ-CT-PA",3605,36031,36015,2023-2024
00925831,ST LUKES SCHOOL,1601 150TH PL,WHITESTONE,NY,11357,36,36081,Queens County,11,40.784478,-73.810237,35620,"New York-Newark-Jersey City, NY-NJ",1,408,"New York-Newark, NY-NJ-CT-PA",3603,36027,36011,2023-2024
00925842,ST THOMAS THE APOSTLE CATHOLIC ACADEMY,8749 87TH ST,WOODHAVEN,NY,11421,36,36081,Queens County,11,40.691453,-73.856519,35620,"New York-Newark-Jersey City, NY-NJ",1,408,"New York-Newark, NY-NJ-CT-PA",3607,36038,36015,2023-2024
00925875,ST SEBASTIAN CATHOLIC ACADEMY,3976 58TH ST,WOODSIDE,NY,11377,36,36081,Queens County,11,40.746014,-73.906475,35620,"New York-Newark-Jersey City, NY-NJ",1,408,"New York-Newark, NY-NJ-CT-PA",3606,36037,36012,2023-2024
00926223,ARCHBISHOP MOLLOY HIGH SCHOOL,8353 MANTON ST,BRIARWOOD,NY,11435,36,36081,Queens County,11,40.711149,-73.81975800000001,35620,"New York-Newark-Jersey City, NY-NJ",1,408,"New York-Newark, NY-NJ-CT-PA",3606,36025,36014,2023-2024
00926267,ST GREGORY THE CATHOLIC ACADEMY,24444 87TH AVE,BELLEROSE,NY,11426,36,36081,Queens County,11,40.72977,-73.721521,35620,"New York-Newark-Jersey City, NY-NJ",1,408,"New York-Newark, NY-NJ-CT-PA",3603,36033,36011,2023-2024
00926336,ST JOHN'S PREPARATORY SCHOOL,2121 CRESCENT ST,ASTORIA,NY,11105,36,36081,Queens County,11,40.779257,-73.91202,35620,"New York-Newark-Jersey City, NY-NJ",1,408,"New York-Newark, NY-NJ-CT-PA",3614,36034,36012,2023-2024
00926347,IMMACULATE CONCEPTION CATHOLIC ACADEMY IN ASTORIA,2163 29TH ST,ASTORIA,NY,11105,36,36081,Queens County,11,40.777161,-73.910628,35620,"New York-Newark-Jersey City, NY-NJ",1,408,"New York-Newark, NY-NJ-CT-PA",3614,36034,36012,2023-2024
00926507,CATHEDRAL PREPARATORY SCHOOL AND SEMINARY,5625 92ND ST,ELMHURST,NY,11373,36,36081,Queens County,11,40.7359,-73.869331,35620,"New York-Newark-Jersey City, NY-NJ",1,408,"New York-Newark, NY-NJ-CT-PA",3606,36039,36013,2023-2024
00935781,YESHIVA TIFERETH MOSHE,8306 ABINGDON RD,KEW GARDENS,NY,11415,36,36081,Queens County,11,40.707669,-73.834166,35620,"New York-Newark-Jersey City, NY-NJ",1,408,"New York-Newark, NY-NJ-CT-PA",3605,36028,36014,2023-2024
00935828,YESHIVA DARCHEI TORAH,257 BEACH 17TH ST,FAR ROCKAWAY,NY,11691,36,36081,Queens County,11,40.59678,-73.751688,35620,"New York-Newark-Jersey City, NY-NJ",1,408,"New York-Newark, NY-NJ-CT-PA",3605,36023,36010,2023-2024
00935861,TORAH ACADEMY FOR GIRLS,444 BEACH 6TH ST,FAR ROCKAWAY,NY,11691,36,36081,Queens County,11,40.599250000000005,-73.739971,35620,"New York-Newark-Jersey City, NY-NJ",1,408,"New York-Newark, NY-NJ-CT-PA",3605,36023,36010,2023-2024
00936446,WILLIAM SPYROPOULOS GREEK-AMERICAN DAY SCHOOL,4315 196TH ST,FLUSHING,NY,11358,36,36081,Queens County,11,40.757335000000005,-73.785165,35620,"New York-Newark-Jersey City, NY-NJ",1,408,"New York-Newark, NY-NJ-CT-PA",3606,36026,36016,2023-2024
00936672,YESHIVA OF CENTRAL QUEENS,14737 70TH RD,FLUSHING,NY,11367,36,36081,Queens County,11,40.72994,-73.819271,35620,"New York-Newark-Jersey City, NY-NJ",1,408,"New York-Newark, NY-NJ-CT-PA",3606,36027,36014,2023-2024
00937304,YESHIVA OF FAR ROCKAWAY,802 HICKSVILLE RD,FAR ROCKAWAY,NY,11691,36,36081,Queens County,11,40.600480000000005,-73.743881,35620,"New York-Newark-Jersey City, NY-NJ",1,408,"New York-Newark, NY-NJ-CT-PA",3605,36023,36010,2023-2024
00937891,LEXINGTON SCHOOL FOR THE DEAF,2526 75TH ST,EAST ELMHURST,NY,11370,36,36081,Queens County,11,40.761410000000005,-73.89355400000001,35620,"New York-Newark-Jersey City, NY-NJ",1,408,"New York-Newark, NY-NJ-CT-PA",3614,36034,36013,2023-2024
00938931,MARTIN LUTHER SCHOOL,6002 MASPETH AVE,MASPETH,NY,11378,36,36081,Queens County,11,40.722970000000004,-73.906051,35620,"New York-Newark-Jersey City, NY-NJ",1,408,"New York-Newark, NY-NJ-CT-PA",3606,36037,36012,2023-2024
00939196,FLUSHING CHRISTIAN SCHOOL,4154 MURRAY ST,FLUSHING,NY,11355,36,36081,Queens County,11,40.761577,-73.812655,35620,"New York-Newark-Jersey City, NY-NJ",1,408,"New York-Newark, NY-NJ-CT-PA",3606,36040,36016,2023-2024
00939527,GARDEN SCHOOL,3316 79TH ST,JACKSON HEIGHTS,NY,11372,36,36081,Queens County,11,40.755017,-73.88877000000001,35620,"New York-Newark-Jersey City, NY-NJ",1,408,"New York-Newark, NY-NJ-CT-PA",3606,36034,36013,2023-2024
00940237,FOREST HILLS MONTESSORI SCHOOL,6704 AUSTIN ST,FOREST HILLS,NY,11375,36,36081,Queens County,11,40.723890000000004,-73.855571,35620,"New York-Newark-Jersey City, NY-NJ",1,408,"New York-Newark, NY-NJ-CT-PA",3606,36028,36015,2023-2024
00940587,THE LOWELL SCHOOL,2420 PARSONS BLVD,WHITESTONE,NY,11357,36,36081,Queens County,11,40.777460000000005,-73.824481,35620,"New York-Newark-Jersey City, NY-NJ",1,408,"New York-Newark, NY-NJ-CT-PA",3606,36040,36016,2023-2024
00941161,ASTORIA LUTHERAN SCHOOL,3120 21ST AVE,ASTORIA,NY,11105,36,36081,Queens County,11,40.77731,-73.908171,35620,"New York-Newark-Jersey City, NY-NJ",1,408,"New York-Newark, NY-NJ-CT-PA",3614,36034,36012,2023-2024
00941434,ST DEMETRIOS SCHOOL,30-03 30TH DR,ASTORIA,NY,11102,36,36081,Queens County,11,40.765722000000004,-73.92312100000001,35620,"New York-Newark-Jersey City, NY-NJ",1,408,"New York-Newark, NY-NJ-CT-PA",3614,36036,36059,2023-2024
00942948,THE WINDSOR SCHOOL,37-02 MAIN ST,FLUSHING,NY,11354,36,36081,Queens County,11,40.761324,-73.831359,35620,"New York-Newark-Jersey City, NY-NJ",1,408,"New York-Newark, NY-NJ-CT-PA",3606,36040,36016,2023-2024
00943409,HOLY MARTYRS ARMENIAN DAY SCHOOL,20915 HORACE HARDING EXPY,OAKLAND GARDENS,NY,11364,36,36081,Queens County,11,40.746517000000004,-73.76733,35620,"New York-Newark-Jersey City, NY-NJ",1,408,"New York-Newark, NY-NJ-CT-PA",3606,36025,36016,2023-2024
00943996,LINDEN SDA SCHOOL,137-01 228TH ST,LAURELTON,NY,11413,36,36081,Queens County,11,40.672946,-73.744078,35620,"New York-Newark-Jersey City, NY-NJ",1,408,"New York-Newark, NY-NJ-CT-PA",3605,36029,36014,2023-2024
00944173,LINDEN SEVENTH-DAY ADVENTIST SCHOOL,137-01 228TH ST,LAURELTON,NY,11413,36,36081,Queens County,11,40.672944,-73.744169,35620,"New York-Newark-Jersey City, NY-NJ",1,408,"New York-Newark, NY-NJ-CT-PA",3605,36029,36014,2023-2024
01657916,EZRA ACADEMY,11945 UNION TPKE,FOREST HILLS,NY,11375,36,36081,Queens County,11,40.714063,-73.832413,35620,"New York-Newark-Jersey City, NY-NJ",1,408,"New York-Newark, NY-NJ-CT-PA",3605,36028,36014,2023-2024
02047717,SHEVACH HIGH SCHOOL,7509 MAIN ST,FLUSHING,NY,11367,36,36081,Queens County,11,40.723895,-73.820026,35620,"New York-Newark-Jersey City, NY-NJ",1,408,"New York-Newark, NY-NJ-CT-PA",3606,36027,36014,2023-2024
02047943,WHITESTONE ACADEMY,15034 12TH AVE,WHITESTONE,NY,11357,36,36081,Queens County,11,40.79072,-73.813191,35620,"New York-Newark-Jersey City, NY-NJ",1,408,"New York-Newark, NY-NJ-CT-PA",3603,36027,36011,2023-2024
A0107565,PROMISE CHRISTIAN ACADEMY,13030 31ST AVE STE 724,FLUSHING,NY,11354,36,36081,Queens County,11,40.769903,-73.83898500000001,35620,"New York-Newark-Jersey City, NY-NJ",1,408,"New York-Newark, NY-NJ-CT-PA",3614,36027,36011,2023-2024
A0107872,MIDRASH L'MAN ACHAI,141-41 72ND AVE,FLUSHING,NY,11367,36,36081,Queens County,11,40.726756,-73.822576,35620,"New York-Newark-Jersey City, NY-NJ",1,408,"New York-Newark, NY-NJ-CT-PA",3606,36027,36014,2023-2024
A1101741,WORLD HARVEST DELIVERANCE  CTR  CHRISTIAN ACADEMY,1521 CENTRAL AVE,FAR ROCKAWAY,NY,11691,36,36081,Queens County,11,40.605356,-73.751453,35620,"New York-Newark-Jersey City, NY-NJ",1,408,"New York-Newark, NY-NJ-CT-PA",3605,36023,36010,2023-2024
A1302130,THE WELLSPRING SCHOOLS,9020 191ST ST,HOLLIS,NY,11423,36,36081,Queens County,11,40.713431,-73.769706,35620,"New York-Newark-Jersey City, NY-NJ",1,408,"New York-Newark, NY-NJ-CT-PA",3605,36029,36011,2023-2024
A1502468,CIRCLE ACADEMY,1650 UTOPIA PKWY,WHITESTONE,NY,11357,36,36081,Queens County,11,40.783006,-73.794938,35620,"New York-Newark-Jersey City, NY-NJ",1,408,"New York-Newark, NY-NJ-CT-PA",3603,36026,36011,2023-2024
A1502572,RISING STARS ISLAMIC SCHOOL,16626 89TH AVE,JAMAICA,NY,11432,36,36081,Queens County,11,40.70815,-73.794281,35620,"New York-Newark-Jersey City, NY-NJ",1,408,"New York-Newark, NY-NJ-CT-PA",3605,36029,36011,2023-2024
A1502584,THERESA PAPLIN SCHOOL,8570 148TH ST,BRIARWOOD,NY,11435,36,36081,Queens County,11,40.708825000000004,-73.811198,35620,"New York-Newark-Jersey City, NY-NJ",1,408,"New York-Newark, NY-NJ-CT-PA",3606,36024,36014,2023-2024
A1502604,DIVINE WISDOM CATHOLIC ACADEMY,45-11 245 ST,DOUGLASTON,NY,11362,36,36081,Queens County,11,40.765172,-73.740358,35620,"New York-Newark-Jersey City, NY-NJ",1,408,"New York-Newark, NY-NJ-CT-PA",3603,36026,36011,2023-2024
A1592128,ST IRENE CHRYSOVALANTOU,3607 23RD AVE,ASTORIA,NY,11105,36,36081,Queens County,11,40.772457,-73.909895,35620,"New York-Newark-Jersey City, NY-NJ",1,408,"New York-Newark, NY-NJ-CT-PA",3614,36034,36012,2023-2024
A1903066,LOWELL HIGH SCHOOL,14245 58TH RD,FLUSHING,NY,11355,36,36081,Queens County,11,40.744197,-73.822468,35620,"New York-Newark-Jersey City, NY-NJ",1,408,"New York-Newark, NY-NJ-CT-PA",3606,36025,36016,2023-2024
A1903131,ST MEL CATHOLIC ACADEMY,15424 26TH AVE,FLUSHING,NY,11354,36,36081,Queens County,11,40.773626,-73.80895,35620,"New York-Newark-Jersey City, NY-NJ",1,408,"New York-Newark, NY-NJ-CT-PA",3603,36040,36011,2023-2024
A1903133,ST ROSE OF LIMA CATHOLIC ACADEMY,154 BEACH 84TH ST,ROCKAWAY BEACH,NY,11693,36,36081,Queens County,11,40.586634000000004,-73.809144,35620,"New York-Newark-Jersey City, NY-NJ",1,408,"New York-Newark, NY-NJ-CT-PA",3605,36023,36010,2023-2024
A1903151,ST NICHOLAS-TOLENTINE,80-22 PARSONS BLVD,JAMAICA,NY,11432,36,36081,Queens County,11,40.718826,-73.80908600000001,35620,"New York-Newark-Jersey City, NY-NJ",1,408,"New York-Newark, NY-NJ-CT-PA",3606,36025,36014,2023-2024
A1903167,THE KEW-FOREST SCHOOL,11917 UNION TPKE,FOREST HILLS,NY,11375,36,36081,Queens County,11,40.713603,-73.83330000000001,35620,"New York-Newark-Jersey City, NY-NJ",1,408,"New York-Newark, NY-NJ-CT-PA",3606,36028,36014,2023-2024
A2102645,JEWISH INSTITUTE OF QUEENS-BOYS HIGH SCHOOL,6441 UTOPIA PKWY,FRESH MEADOWS,NY,11365,36,36081,Queens County,11,40.736876,-73.792626,35620,"New York-Newark-Jersey City, NY-NJ",1,408,"New York-Newark, NY-NJ-CT-PA",3606,36025,36016,2023-2024
A2102767,TIEGERMAN HIGH SCHOOL,8725 136TH ST,RICHMOND HILL,NY,11418,36,36081,Queens County,11,40.704807,-73.818648,35620,"New York-Newark-Jersey City, NY-NJ",1,408,"New York-Newark, NY-NJ-CT-PA",3605,36024,36014,2023-2024
A2102770,TIEGERMAN SCHOOL AT WOODSIDE,7024 47TH AVE,WOODSIDE,NY,11377,36,36081,Queens County,11,40.738872,-73.893634,35620,"New York-Newark-Jersey City, NY-NJ",1,408,"New York-Newark, NY-NJ-CT-PA",3606,36030,36012,2023-2024
A2102807,YESHIVA MERCAZ HATORAH OF BELLE HARBOR,505 BEACH 129 ST,BELLE HARBOR,NY,11694,36,36081,Queens County,11,40.579872,-73.850477,35620,"New York-Newark-Jersey City, NY-NJ",1,408,"New York-Newark, NY-NJ-CT-PA",3605,36023,36010,2023-2024
A2301700,HADAR BET YAAKOV,193 PECK AVE # 10,FRESH MEADOWS,NY,11365,36,36081,Queens County,11,40.742519,-73.78295800000001,35620,"New York-Newark-Jersey City, NY-NJ",1,408,"New York-Newark, NY-NJ-CT-PA",3606,36025,36016,2023-2024
A2301721,MESIVTA SHAAREI PRUZDOR,1238 CAFFREY AVE,FAR ROCKAWAY,NY,11691,36,36081,Queens County,11,40.601268000000005,-73.747557,35620,"New York-Newark-Jersey City, NY-NJ",1,408,"New York-Newark, NY-NJ-CT-PA",3605,36023,36010,2023-2024
A2301739,SHAAREI ZION OHEL BRACHA INSTITUTION-GIRLSDIVISION,7524 GRAND CENTRAL PKWY,FOREST HILLS,NY,11375,36,36081,Queens County,11,40.718907,-73.834637,35620,"New York-Newark-Jersey City, NY-NJ",1,408,"New York-Newark, NY-NJ-CT-PA",3606,36027,36014,2023-2024
A2370894,ST HELEN CATHOLIC ACADEMY,83-09 157TH AVE,HOWARD BEACH,NY,11414,36,36081,Queens County,11,40.661406,-73.849874,35620,"New York-Newark-Jersey City, NY-NJ",1,408,"New York-Newark, NY-NJ-CT-PA",3605,36023,36019,2023-2024
A9104867,AL-IMAN SCHOOL,8989 VAN WYCK EXPY,JAMAICA,NY,11435,36,36081,Queens County,11,40.701156000000005,-73.815057,35620,"New York-Newark-Jersey City, NY-NJ",1,408,"New York-Newark, NY-NJ-CT-PA",3605,36024,36014,2023-2024
A9104970,NOTRE DAME CATHOLIC ACADEMY,6222 61ST ST,RIDGEWOOD,NY,11385,36,36081,Queens County,11,40.711629,-73.901984,35620,"New York-Newark-Jersey City, NY-NJ",1,408,"New York-Newark, NY-NJ-CT-PA",3607,36037,36012,2023-2024
A9105003,SACRED HEART SCHOOL,21601 38TH AVE,BAYSIDE,NY,11361,36,36081,Queens County,11,40.767747,-73.767213,35620,"New York-Newark-Jersey City, NY-NJ",1,408,"New York-Newark, NY-NJ-CT-PA",3603,36026,36016,2023-2024
A9300668,AL-IHSAN ACADEMY,130-08 ROCKAWAY BLVD,SOUTH OZONE PARK,NY,11420,36,36081,Queens County,11,40.674798,-73.808169,35620,"New York-Newark-Jersey City, NY-NJ",1,408,"New York-Newark, NY-NJ-CT-PA",3605,36031,36010,2023-2024
A9300691,YESHIVAT OHR HAIIM,8606 135 ST,RICHMOND HILL,NY,11418,36,36081,Queens County,11,40.705577,-73.820713,35620,"New York-Newark-Jersey City, NY-NJ",1,408,"New York-Newark, NY-NJ-CT-PA",3605,36024,36014,2023-2024
A9303704,ALLEN CHRISTIAN SCHOOL,11432 MERRICK BLVD,JAMAICA,NY,11434,36,36081,Queens County,11,40.690741,-73.778862,35620,"New York-Newark-Jersey City, NY-NJ",1,408,"New York-Newark, NY-NJ-CT-PA",3605,36032,36014,2023-2024
A9503007,MESIVTA YESODEI YESHURUN,14151 71ST AVE,FLUSHING,NY,11367,36,36081,Queens County,11,40.728016000000004,-73.823243,35620,"New York-Newark-Jersey City, NY-NJ",1,408,"New York-Newark, NY-NJ-CT-PA",3606,36027,36014,2023-2024
A9702456,RAZI SCHOOL,5511 QUEENS BLVD,WOODSIDE,NY,11377,36,36081,Queens County,11,40.74259,-73.909611,35620,"New York-Newark-Jersey City, NY-NJ",1,408,"New York-Newark, NY-NJ-CT-PA",3606,36030,36012,2023-2024
A9702510,WORD CHRISTIAN ACADEMY,23001 LINDEN BLVD,CAMBRIA HEIGHTS,NY,11411,36,36081,Queens County,11,40.692533000000005,-73.731134,35620,"New York-Newark-Jersey City, NY-NJ",1,408,"New York-Newark, NY-NJ-CT-PA",3605,36033,36014,2023-2024
A9903146,BNOS MALKA ACADEMY,7102 113TH ST,FOREST HILLS,NY,11375,36,36081,Queens County,11,40.723018,-73.838472,35620,"New York-Newark-Jersey City, NY-NJ",1,408,"New York-Newark, NY-NJ-CT-PA",3606,36027,36014,2023-2024
A9903217,THE LEARNING TREE STEM-ARTS SCHOOL,14934 35TH AVE,FLUSHING,NY,11354,36,36081,Queens County,11,40.766288,-73.816104,35620,"New York-Newark-Jersey City, NY-NJ",1,408,"New York-Newark, NY-NJ-CT-PA",3606,36040,36016,2023-2024
A9903219,LUTHERAN  CHURCH SCHOOLS OF FLUSHING & BAYSIDE,3601 BELL BLVD,BAYSIDE,NY,11361,36,36081,Queens County,11,40.767732,-73.772229,35620,"New York-Newark-Jersey City, NY-NJ",1,408,"New York-Newark, NY-NJ-CT-PA",3603,36026,36016,2023-2024
A9903229,MUSLIM CENTER JUNIOR HIGH SCHOOL,13758 GERANIUM AVE,FLUSHING,NY,11355,36,36081,Queens County,11,40.750840000000004,-73.820471,35620,"New York-Newark-Jersey City, NY-NJ",1,408,"New York-Newark, NY-NJ-CT-PA",3606,36025,36016,2023-2024
A9903264,TAG HIGH SCHOOL,636 LANETT AVE,FAR ROCKAWAY,NY,11691,36,36081,Queens County,11,40.599656,-73.742223,35620,"New York-Newark-Jersey City, NY-NJ",1,408,"New York-Newark, NY-NJ-CT-PA",3605,36023,36010,2023-2024
A9903289,YESHIVA KETANA OF QUEENS,7815 PARSONS BLVD,FLUSHING,NY,11366,36,36081,Queens County,11,40.721921,-73.809399,35620,"New York-Newark-Jersey City, NY-NJ",1,408,"New York-Newark, NY-NJ-CT-PA",3606,36027,36016,2023-2024
AA001442,BNOS BAIS YAAKOV / TICHON MEIR MOSHE,613 BEACH 9TH ST,FAR ROCKAWAY,NY,11691,36,36081,Queens County,11,40.600881,-73.745654,35620,"New York-Newark-Jersey City, NY-NJ",1,408,"New York-Newark, NY-NJ-CT-PA",3605,36023,36010,2023-2024
AA890656,JACKSON HEIGHTS SCHOOL SDA,7225 WOODSIDE AVE,WOODSIDE,NY,11377,36,36081,Queens County,11,40.743289000000004,-73.891836,35620,"New York-Newark-Jersey City, NY-NJ",1,408,"New York-Newark, NY-NJ-CT-PA",3606,36030,36012,2023-2024
BB000826,HOLY CHILD JESUS CATHOLIC ACADEMY,11102 86TH AVE,RICHMOND HILL,NY,11418,36,36081,Queens County,11,40.698649,-73.837643,35620,"New York-Newark-Jersey City, NY-NJ",1,408,"New York-Newark, NY-NJ-CT-PA",3605,36024,36015,2023-2024
BB041308,YESHIVAT SHAAREI TZION-BOYS,7524 GRAND CENTRAL PKWY,FOREST HILLS,NY,11375,36,36081,Queens County,11,40.718849,-73.834736,35620,"New York-Newark-Jersey City, NY-NJ",1,408,"New York-Newark, NY-NJ-CT-PA",3606,36027,36014,2023-2024
BB061148,YESHIVA PRIMARY & JUNIOR HIGH SCHOOL,21010 UNION TPKE,OAKLAND GARDENS,NY,11364,36,36081,Queens County,11,40.733187,-73.76025200000001,35620,"New York-Newark-Jersey City, NY-NJ",1,408,"New York-Newark, NY-NJ-CT-PA",3606,36024,36011,2023-2024
BB061156,ST FRANCIS DE SALES CATHOLIC ACADEMY,219 BEACH 129TH ST,BELLE HARBOR,NY,11694,36,36081,Queens County,11,40.57665,-73.848622,35620,"New York-Newark-Jersey City, NY-NJ",1,408,"New York-Newark, NY-NJ-CT-PA",3605,36023,36010,2023-2024
BB081358,SUMMIT SCHOOL,18730 GRAND CENTRAL PKWY,JAMAICA,NY,11432,36,36081,Queens County,11,40.721319,-73.77696300000001,35620,"New York-Newark-Jersey City, NY-NJ",1,408,"New York-Newark, NY-NJ-CT-PA",3605,36024,36011,2023-2024
BB081365,MESIVTA CHOFETZ CHAIM,7601 147TH ST,FLUSHING,NY,11367,36,36081,Queens County,11,40.723006,-73.81728700000001,35620,"New York-Newark-Jersey City, NY-NJ",1,408,"New York-Newark, NY-NJ-CT-PA",3606,36027,36014,2023-2024
BB101060,CONGREGATION YMH,29-20 HEALY AVE,FAR ROCKAWAY,NY,11691,36,36081,Queens County,11,40.604181000000004,-73.766979,35620,"New York-Newark-Jersey City, NY-NJ",1,408,"New York-Newark, NY-NJ-CT-PA",3605,36023,36010,2023-2024
BB101113,SHIELD INSTITUTE OF FLUSHING,14461 ROOSEVELT AVE,FLUSHING,NY,11354,36,36081,Queens County,11,40.762639,-73.820085,35620,"New York-Newark-Jersey City, NY-NJ",1,408,"New York-Newark, NY-NJ-CT-PA",3606,36040,36016,2023-2024
BB121753,DBA THE NURTURING CENTER AND ACADEMY,11218 SPRINGFIELD BLVD,QUEENS VILLAGE,NY,11429,36,36081,Queens County,11,40.70488,-73.740341,35620,"New York-Newark-Jersey City, NY-NJ",1,408,"New York-Newark, NY-NJ-CT-PA",3605,36033,36014,2023-2024
BB140791,BAIS YAAKOV ATERES MIRIAM,1214 HEYSON RD,FAR ROCKAWAY,NY,11691,36,36081,Queens County,11,40.59641,-73.746801,35620,"New York-Newark-Jersey City, NY-NJ",1,408,"New York-Newark, NY-NJ-CT-PA",3605,36023,36010,2023-2024
BB162010,SOLOMON SCHECHTER SCHOOL OF QUEENS,7616 PARSONS BLVD,FLUSHING,NY,11366,36,36081,Queens County,11,40.72458,-73.811081,35620,"New York-Newark-Jersey City, NY-NJ",1,408,"New York-Newark, NY-NJ-CT-PA",3606,36027,36014,2023-2024
BB162026,THERESA PAPLIN SCHOOL,8570 148TH ST,JAMAICA,NY,11435,36,36081,Queens County,11,40.708825000000004,-73.811198,35620,"New York-Newark-Jersey City, NY-NJ",1,408,"New York-Newark, NY-NJ-CT-PA",3606,36024,36014,2023-2024
BB170241,BNOS BAIS YAAKOV-FAR ROCKAWAY,613 BEACH 9TH ST,FAR ROCKAWAY,NY,11691,36,36081,Queens County,11,40.600881,-73.745654,35620,"New York-Newark-Jersey City, NY-NJ",1,408,"New York-Newark, NY-NJ-CT-PA",3605,36023,36010,2023-2024
BB201263,EL BER ISLAMIC SCHOOL,2542 49TH ST,ASTORIA,NY,11103,36,36081,Queens County,11,40.763639000000005,-73.90562700000001,35620,"New York-Newark-Jersey City, NY-NJ",1,408,"New York-Newark, NY-NJ-CT-PA",3614,36034,36012,2023-2024
BB201264,ST FRANCIS OF ASSISI CATHOLIC ACADEMY,2118 46TH ST,ASTORIA,NY,11105,36,36081,Queens County,11,40.771896,-73.901008,35620,"New York-Newark-Jersey City, NY-NJ",1,408,"New York-Newark, NY-NJ-CT-PA",3614,36034,36011,2023-2024
BB201277,OUR LADY OF HOPE CATHOLIC ACADEMY,6121 71ST ST,MIDDLE VILLAGE,NY,11379,36,36081,Queens County,11,40.721160000000005,-73.88680000000001,35620,"New York-Newark-Jersey City, NY-NJ",1,408,"New York-Newark, NY-NJ-CT-PA",3606,36030,36015,2023-2024
BB201294,CHRIST LUTHERAN SCHOOL,24801 FRANCIS LEWIS BLVD,ROSEDALE,NY,11422,36,36081,Queens County,11,40.663291,-73.733082,35620,"New York-Newark-Jersey City, NY-NJ",1,408,"New York-Newark, NY-NJ-CT-PA",3605,36029,36010,2023-2024
BB201296,ST NICHOLAS OF TOLENTINE CATHOLIC ACADEMY,8022 PARSONS BLVD,JAMAICA,NY,11432,36,36081,Queens County,11,40.71886,-73.809178,35620,"New York-Newark-Jersey City, NY-NJ",1,408,"New York-Newark, NY-NJ-CT-PA",3606,36025,36014,2023-2024
BB220469,QUEENS EARLY CHILDHOOD CENTER,14502 FARMERS BLVD,JAMAICA,NY,11434,36,36081,Queens County,11,40.666232,-73.76781700000001,35620,"New York-Newark-Jersey City, NY-NJ",1,408,"New York-Newark, NY-NJ-CT-PA",3605,36031,36010,2023-2024
BB220470,DARCHEI TORAH,1733 PLAINVIEW AVE,FAR ROCKAWAY,NY,11691,36,36081,Queens County,11,40.597686,-73.752309,35620,"New York-Newark-Jersey City, NY-NJ",1,408,"New York-Newark, NY-NJ-CT-PA",3605,36023,36010,2023-2024
BB912051,SHAAR HATORAH HIGH SCHOOL,11706 84TH AVE,RICHMOND HILL,NY,11418,36,36081,Queens County,11,40.703790000000005,-73.834281,35620,"New York-Newark-Jersey City, NY-NJ",1,408,"New York-Newark, NY-NJ-CT-PA",3605,36024,36015,2023-2024
BB912059,ST BARTHOLOMEW CATHOLIC ACADEMY,4415 JUDGE ST,ELMHURST,NY,11373,36,36081,Queens County,11,40.743012,-73.877047,35620,"New York-Newark-Jersey City, NY-NJ",1,408,"New York-Newark, NY-NJ-CT-PA",3606,36039,36013,2023-2024
BB940448,LES ENFANTS MONTESSORI SCHOOL,2921 NEWTOWN AVE,ASTORIA,NY,11102,36,36081,Queens County,11,40.76894,-73.921301,35620,"New York-Newark-Jersey City, NY-NJ",1,408,"New York-Newark, NY-NJ-CT-PA",3614,36036,36059,2023-2024
BB940557,STEPPING STONE OF SOUTHEASTERN QUEEN SCHOOL,11428 FRANCIS LEWIS BLVD,CAMBRIA HEIGHTS,NY,11411,36,36081,Queens County,11,40.700643,-73.748551,35620,"New York-Newark-Jersey City, NY-NJ",1,408,"New York-Newark, NY-NJ-CT-PA",3605,36033,36014,2023-2024
BB964055,YESHIVA HAR TORAH,250-10 GRAND CENTRAL PKWY,BELLEROSE,NY,11426,36,36081,Queens County,11,40.752315,-73.723952,35620,"New York-Newark-Jersey City, NY-NJ",1,408,"New York-Newark, NY-NJ-CT-PA",3603,36026,36011,2023-2024
00919307,ST ANN SCHOOL,125 CROMWELL AVE,STATEN ISLAND,NY,10304,36,36085,Richmond County,11,40.590973,-74.09689300000001,35620,"New York-Newark-Jersey City, NY-NJ",1,408,"New York-Newark, NY-NJ-CT-PA",3611,36064,36023,2023-2024
00920232,NOTRE DAME ACADEMY HIGH SCHOOL,134 HOWARD AVE,STATEN ISLAND,NY,10301,36,36085,Richmond County,11,40.627649,-74.089473,35620,"New York-Newark-Jersey City, NY-NJ",1,408,"New York-Newark, NY-NJ-CT-PA",3611,36063,36024,2023-2024
00920265,OUR LADY OF GOOD COUNSEL,42 AUSTIN PL,STATEN ISLAND,NY,10304,36,36085,Richmond County,11,40.63131,-74.086031,35620,"New York-Newark-Jersey City, NY-NJ",1,408,"New York-Newark, NY-NJ-CT-PA",3611,36061,36024,2023-2024
00920378,ST PETERS BOYS HIGH SCHOOL,200 CLINTON AVE,STATEN ISLAND,NY,10301,36,36085,Richmond County,11,40.639266,-74.09918900000001,35620,"New York-Newark-Jersey City, NY-NJ",1,408,"New York-Newark, NY-NJ-CT-PA",3611,36061,36023,2023-2024
00922604,MSGR FARRELL HIGH SCHOOL,2900 AMBOY RD,STATEN ISLAND,NY,10306,36,36085,Richmond County,11,40.567632,-74.125463,35620,"New York-Newark-Jersey City, NY-NJ",1,408,"New York-Newark, NY-NJ-CT-PA",3611,36062,36024,2023-2024
01607454,ST JOSEPH HILL ACADEMY,850 HYLAN BLVD,STATEN ISLAND,NY,10305,36,36085,Richmond County,11,40.599381,-74.070559,35620,"New York-Newark-Jersey City, NY-NJ",1,408,"New York-Newark, NY-NJ-CT-PA",3611,36064,36023,2023-2024
02048029,EDEN II SCHOOL,15 BEACH ST,STATEN ISLAND,NY,10304,36,36085,Richmond County,11,40.62758,-74.076851,35620,"New York-Newark-Jersey City, NY-NJ",1,408,"New York-Newark, NY-NJ-CT-PA",3611,36061,36023,2023-2024
A0107707,MIRAJ ISLAMIC SCHOOL,307 VICTORY BLVD,STATEN ISLAND,NY,10301,36,36085,Richmond County,11,40.63483,-74.085896,35620,"New York-Newark-Jersey City, NY-NJ",1,408,"New York-Newark, NY-NJ-CT-PA",3611,36061,36023,2023-2024
A0502554,ST JOSEPH HILL ACADEMY,850 HYLAN BLVD,STATEN ISLAND,NY,10305,36,36085,Richmond County,11,40.599381,-74.070559,35620,"New York-Newark-Jersey City, NY-NJ",1,408,"New York-Newark, NY-NJ-CT-PA",3611,36064,36023,2023-2024
A0701697,SMILES AROUND US ACADEMY,351 SAND LN,STATEN ISLAND,NY,10305,36,36085,Richmond County,11,40.591048,-74.06708400000001,35620,"New York-Newark-Jersey City, NY-NJ",1,408,"New York-Newark, NY-NJ-CT-PA",3611,36064,36023,2023-2024
A0740097,STATEN ISLAND ACADEMY,715 TODT HILL RD,STATEN ISLAND,NY,10304,36,36085,Richmond County,11,40.594932,-74.109367,35620,"New York-Newark-Jersey City, NY-NJ",1,408,"New York-Newark, NY-NJ-CT-PA",3611,36064,36024,2023-2024
A1101630,BISHOP PATRICK V AHERN HIGH SCHOOL,315 ARLENE ST,STATEN ISLAND,NY,10314,36,36085,Richmond County,11,40.610098,-74.164635,35620,"New York-Newark-Jersey City, NY-NJ",1,408,"New York-Newark, NY-NJ-CT-PA",3611,36063,36024,2023-2024
A1101696,MOTHER FRANCISKA ELEMENTARY SCHOOL,850 HYLAN BLVD,STATEN ISLAND,NY,10305,36,36085,Richmond County,11,40.599381,-74.070559,35620,"New York-Newark-Jersey City, NY-NJ",1,408,"New York-Newark, NY-NJ-CT-PA",3611,36064,36023,2023-2024
A1302054,GATEWAY ACADEMY,200 BOSCOMBE AVE,STATEN ISLAND,NY,10309,36,36085,Richmond County,11,40.522928,-74.230959,35620,"New York-Newark-Jersey City, NY-NJ",1,408,"New York-Newark, NY-NJ-CT-PA",3611,36062,36024,2023-2024
A2102677,AHRC NYC JAMES P. MURPHY STATEN ISLAND PREP,23 SUMMIT ST,STATEN ISLAND,NY,10307,36,36085,Richmond County,11,40.509396,-74.242953,35620,"New York-Newark-Jersey City, NY-NJ",1,408,"New York-Newark, NY-NJ-CT-PA",3611,36062,36024,2023-2024
A2102685,MOORE CATHOLIC HIGH SCHOOL,100 MERRILL AVE,STATEN ISLAND,NY,10314,36,36085,Richmond County,11,40.609638000000004,-74.164316,35620,"New York-Newark-Jersey City, NY-NJ",1,408,"New York-Newark, NY-NJ-CT-PA",3611,36063,36024,2023-2024
A2301720,MESIVTA KESSER YISROEL-WILLOWBROOK,278 HAROLD ST,STATEN ISLAND,NY,10314,36,36085,Richmond County,11,40.601286,-74.13053000000001,35620,"New York-Newark-Jersey City, NY-NJ",1,408,"New York-Newark, NY-NJ-CT-PA",3611,36063,36024,2023-2024
A2370867,HOLY CHILD FAITH ENRICHMENT,4747 AMBOY RD,STATEN ISLAND,NY,10312,36,36085,Richmond County,11,40.54014,-74.170544,35620,"New York-Newark-Jersey City, NY-NJ",1,408,"New York-Newark, NY-NJ-CT-PA",3611,36062,36024,2023-2024
A9104951,NEW DORP CHRISTIAN ACADEMY,259 ROSE AVE,STATEN ISLAND,NY,10306,36,36085,Richmond County,11,40.571596,-74.11475,35620,"New York-Newark-Jersey City, NY-NJ",1,408,"New York-Newark, NY-NJ-CT-PA",3611,36064,36024,2023-2024
A9105127,RABBI JACOB JOSEPH SCHOOL FOR BOYS,4240 AMBOY RD,STATEN ISLAND,NY,10308,36,36085,Richmond County,11,40.546851000000004,-74.157034,35620,"New York-Newark-Jersey City, NY-NJ",1,408,"New York-Newark, NY-NJ-CT-PA",3611,36064,36024,2023-2024
AA001198,RABBI JACOB JOSEPH GIRLS SCHOOL,400 CASWELL AVE,STATEN ISLAND,NY,10314,36,36085,Richmond County,11,40.614366000000004,-74.150408,35620,"New York-Newark-Jersey City, NY-NJ",1,408,"New York-Newark, NY-NJ-CT-PA",3611,36061,36024,2023-2024
AA890643,JEWISH FOUNDATION SCHOOL OF STATEN ISLAND,400 CASWELL AVE,STATEN ISLAND,NY,10314,36,36085,Richmond County,11,40.614366000000004,-74.150408,35620,"New York-Newark-Jersey City, NY-NJ",1,408,"New York-Newark, NY-NJ-CT-PA",3611,36061,36024,2023-2024
BB220486,STATEN ISLAND HEBREW ACADEMY,3495 RICHMOND RD,STATEN ISLAND,NY,10306,36,36085,Richmond County,11,40.573094000000005,-74.13738500000001,35620,"New York-Newark-Jersey City, NY-NJ",1,408,"New York-Newark, NY-NJ-CT-PA",3611,36062,36024,2023-2024
